match_id,matchweek,home_team,away_team,kickoff_utc,home_win_prob,draw_prob,away_win_prob,dc_raw_home_win_prob,dc_raw_draw_prob,dc_raw_away_win_prob,market_home_win_prob,market_draw_prob,market_away_win_prob,market_available,prediction_mode,run_id,model_version,generated_at
LALIGA2627_MW06_052_AtléticodeMadrid_CAOsasuna,6,Atlético de Madrid,CA Osasuna,2026-09-16T17:00:00+00:00,0.7025,0.1861,0.1114,0.6552,0.2018,0.143,,,,False,early_week_mode,weekly_update_20260916T074211Z_77929576,0.1.0-phase1,2026-09-16T07:42:11+00:00
LALIGA2627_MW06_054_RCDeportivo_SevillaFC,6,RC Deportivo,Sevilla FC,2026-09-16T17:00:00+00:00,0.4362,0.2738,0.2901,0.5538,0.2138,0.2324,,,,False,early_week_mode,weekly_update_20260916T074211Z_77929576,0.1.0-phase1,2026-09-16T07:42:11+00:00
LALIGA2627_MW06_056_FCBarcelona_R.RacingClub,6,FC Barcelona,R. Racing Club,2026-09-16T19:30:00+00:00,0.8206,0.1048,0.0746,0.9325,0.044,0.0235,,,,False,early_week_mode,weekly_update_20260916T074211Z_77929576,0.1.0-phase1,2026-09-16T07:42:11+00:00
LALIGA2627_MW06_057_LevanteUD_AthleticClub,6,Levante UD,Athletic Club,2026-09-16T19:30:00+00:00,0.3108,0.2919,0.3974,0.3967,0.259,0.3442,0.2854,0.2743,0.4402,True,early_week_mode,weekly_update_20260916T074211Z_77929576,0.1.0-phase1,2026-09-16T07:42:11+00:00
LALIGA2627_MW06_053_RealBetis_GetafeCF,6,Real Betis,Getafe CF,2026-09-17T17:00:00+00:00,0.5442,0.275,0.1808,0.5323,0.2868,0.1809,0.5681,0.2589,0.173,True,early_week_mode,weekly_update_20260916T074211Z_77929576,0.1.0-phase1,2026-09-16T07:42:11+00:00
LALIGA2627_MW06_058_MálagaCF_VillarrealCF,6,Málaga CF,Villarreal CF,2026-09-17T19:30:00+00:00,0.2856,0.3122,0.4021,0.1102,0.2434,0.6464,,,,False,early_week_mode,weekly_update_20260916T074211Z_77929576,0.1.0-phase1,2026-09-16T07:42:11+00:00
LALIGA2627_MW07_065_RCDEspanyoldeBarcelona_ElcheCF,7,RCD Espanyol de Barcelona,Elche CF,2026-09-18T19:00:00+00:00,0.5028,0.2828,0.2144,0.4944,0.2493,0.2564,,,,False,early_week_mode,weekly_update_20260916T074211Z_77929576,0.1.0-phase1,2026-09-16T07:42:11+00:00
LALIGA2627_MW07_067_CAOsasuna_RayoVallecano,7,CA Osasuna,Rayo Vallecano,2026-09-19T12:00:00+00:00,0.4008,0.2986,0.3006,0.4338,0.2796,0.2866,0.4191,0.2865,0.2945,True,early_week_mode,weekly_update_20260916T074211Z_77929576,0.1.0-phase1,2026-09-16T07:42:11+00:00
LALIGA2627_MW07_061_AthleticClub_DeportivoAlavés,7,Athletic Club,Deportivo Alavés,2026-09-19T14:15:00+00:00,0.4888,0.2896,0.2216,0.4826,0.2651,0.2524,,,,False,early_week_mode,weekly_update_20260916T074211Z_77929576,0.1.0-phase1,2026-09-16T07:42:11+00:00
LALIGA2627_MW07_063_CeltaVigo_R.RacingClub,7,Celta Vigo,R. Racing Club,2026-09-19T16:30:00+00:00,0.4853,0.2426,0.2721,0.637,0.1786,0.1844,,,,False,early_week_mode,weekly_update_20260916T074211Z_77929576,0.1.0-phase1,2026-09-16T07:42:11+00:00
LALIGA2627_MW07_068_SevillaFC_FCBarcelona,7,Sevilla FC,FC Barcelona,2026-09-19T19:00:00+00:00,0.1134,0.1838,0.7028,0.1457,0.1781,0.6762,0.0849,0.1445,0.7706,True,early_week_mode,weekly_update_20260916T074211Z_77929576,0.1.0-phase1,2026-09-16T07:42:11+00:00
LALIGA2627_MW07_066_GetafeCF_MálagaCF,7,Getafe CF,Málaga CF,2026-09-20T12:00:00+00:00,0.5235,0.3102,0.1663,0.5279,0.3687,0.1034,,,,False,early_week_mode,weekly_update_20260916T074211Z_77929576,0.1.0-phase1,2026-09-16T07:42:11+00:00
LALIGA2627_MW07_062_AtléticodeMadrid_RealMadrid,7,Atlético de Madrid,Real Madrid,2026-09-20T14:15:00+00:00,0.3416,0.3076,0.3508,0.3522,0.2483,0.3994,,,,False,early_week_mode,weekly_update_20260916T074211Z_77929576,0.1.0-phase1,2026-09-16T07:42:11+00:00
LALIGA2627_MW07_064_RCDeportivo_RealBetis,7,RC Deportivo,Real Betis,2026-09-20T16:30:00+00:00,0.385,0.2879,0.3271,0.4263,0.2309,0.3428,,,,False,early_week_mode,weekly_update_20260916T074211Z_77929576,0.1.0-phase1,2026-09-16T07:42:11+00:00
LALIGA2627_MW07_070_VillarrealCF_LevanteUD,7,Villarreal CF,Levante UD,2026-09-20T16:30:00+00:00,0.6242,0.2114,0.1645,0.6613,0.1783,0.1604,0.6016,0.2179,0.1805,True,early_week_mode,weekly_update_20260916T074211Z_77929576,0.1.0-phase1,2026-09-16T07:42:11+00:00
LALIGA2627_MW07_069_ValenciaCF_RealSociedad,7,Valencia CF,Real Sociedad,2026-09-20T19:00:00+00:00,0.379,0.2929,0.328,0.4116,0.2604,0.328,0.3423,0.2802,0.3775,True,early_week_mode,weekly_update_20260916T074211Z_77929576,0.1.0-phase1,2026-09-16T07:42:11+00:00
LALIGA2627_MW08_076_MálagaCF_RCDEspanyoldeBarcelona,8,Málaga CF,RCD Espanyol de Barcelona,2026-10-09T19:00:00+00:00,0.3806,0.3421,0.2773,0.1709,0.3436,0.4854,,,,False,early_week_mode,weekly_update_20260916T074211Z_77929576,0.1.0-phase1,2026-09-16T07:42:11+00:00
LALIGA2627_MW08_078_RayoVallecano_AthleticClub,8,Rayo Vallecano,Athletic Club,2026-10-10T12:00:00+00:00,0.3726,0.3204,0.307,0.3914,0.2878,0.3208,,,,False,early_week_mode,weekly_update_20260916T074211Z_77929576,0.1.0-phase1,2026-09-16T07:42:11+00:00
LALIGA2627_MW08_071_DeportivoAlavés_AtléticodeMadrid,8,Deportivo Alavés,Atlético de Madrid,2026-10-10T14:15:00+00:00,0.2281,0.2931,0.4788,0.3083,0.2571,0.4346,,,,False,early_week_mode,weekly_update_20260916T074211Z_77929576,0.1.0-phase1,2026-09-16T07:42:11+00:00
LALIGA2627_MW08_074_FCBarcelona_GetafeCF,8,FC Barcelona,Getafe CF,2026-10-10T16:30:00+00:00,0.7737,0.144,0.0823,0.7785,0.1552,0.0663,,,,False,early_week_mode,weekly_update_20260916T074211Z_77929576,0.1.0-phase1,2026-09-16T07:42:11+00:00
LALIGA2627_MW08_079_RealMadrid_VillarrealCF,8,Real Madrid,Villarreal CF,2026-10-10T19:00:00+00:00,0.6485,0.2041,0.1475,0.6686,0.1787,0.1527,,,,False,early_week_mode,weekly_update_20260916T074211Z_77929576,0.1.0-phase1,2026-09-16T07:42:11+00:00
LALIGA2627_MW08_073_ElcheCF_CeltaVigo,8,Elche CF,Celta Vigo,2026-10-11T12:00:00+00:00,0.3267,0.306,0.3673,0.4001,0.2516,0.3483,,,,False,early_week_mode,weekly_update_20260916T074211Z_77929576,0.1.0-phase1,2026-09-16T07:42:11+00:00
LALIGA2627_MW08_080_RealSociedad_RCDeportivo,8,Real Sociedad,RC Deportivo,2026-10-11T14:15:00+00:00,0.5647,0.2453,0.19,0.4595,0.2208,0.3197,,,,False,early_week_mode,weekly_update_20260916T074211Z_77929576,0.1.0-phase1,2026-09-16T07:42:11+00:00
LALIGA2627_MW08_072_RealBetis_CAOsasuna,8,Real Betis,CA Osasuna,2026-10-11T16:30:00+00:00,0.5865,0.2496,0.164,0.5787,0.2311,0.1902,,,,False,early_week_mode,weekly_update_20260916T074211Z_77929576,0.1.0-phase1,2026-09-16T07:42:11+00:00
LALIGA2627_MW08_077_R.RacingClub_ValenciaCF,8,R. Racing Club,Valencia CF,2026-10-11T19:00:00+00:00,0.5354,0.2571,0.2075,0.4436,0.2248,0.3317,,,,False,early_week_mode,weekly_update_20260916T074211Z_77929576,0.1.0-phase1,2026-09-16T07:42:11+00:00
LALIGA2627_MW08_075_LevanteUD_SevillaFC,8,Levante UD,Sevilla FC,2026-10-12T19:00:00+00:00,0.3638,0.2932,0.343,0.4684,0.2422,0.2893,,,,False,early_week_mode,weekly_update_20260916T074211Z_77929576,0.1.0-phase1,2026-09-16T07:42:11+00:00
LALIGA2627_MW09_081_RealBetis_FCBarcelona,9,Real Betis,FC Barcelona,2026-10-18T00:00:00+00:00,0.1831,0.2431,0.5738,0.2321,0.2133,0.5546,,,,False,early_week_mode,weekly_update_20260916T074211Z_77929576,0.1.0-phase1,2026-09-16T07:42:11+00:00
LALIGA2627_MW09_082_CeltaVigo_DeportivoAlavés,9,Celta Vigo,Deportivo Alavés,2026-10-18T00:00:00+00:00,0.4769,0.2862,0.2369,0.4767,0.2557,0.2676,,,,False,early_week_mode,weekly_update_20260916T074211Z_77929576,0.1.0-phase1,2026-09-16T07:42:11+00:00
LALIGA2627_MW09_083_RCDeportivo_LevanteUD,9,RC Deportivo,Levante UD,2026-10-18T00:00:00+00:00,0.5072,0.2597,0.233,0.5733,0.2003,0.2264,,,,False,early_week_mode,weekly_update_20260916T074211Z_77929576,0.1.0-phase1,2026-09-16T07:42:11+00:00
LALIGA2627_MW09_084_RCDEspanyoldeBarcelona_AtléticodeMadrid,9,RCD Espanyol de Barcelona,Atlético de Madrid,2026-10-18T00:00:00+00:00,0.2244,0.2882,0.4874,0.2886,0.2596,0.4518,,,,False,early_week_mode,weekly_update_20260916T074211Z_77929576,0.1.0-phase1,2026-09-16T07:42:11+00:00
LALIGA2627_MW09_085_GetafeCF_RayoVallecano,9,Getafe CF,Rayo Vallecano,2026-10-18T00:00:00+00:00,0.4121,0.3339,0.254,0.3763,0.3437,0.2799,,,,False,early_week_mode,weekly_update_20260916T074211Z_77929576,0.1.0-phase1,2026-09-16T07:42:11+00:00
LALIGA2627_MW09_086_MálagaCF_RealSociedad,9,Málaga CF,Real Sociedad,2026-10-18T00:00:00+00:00,0.3421,0.336,0.3219,0.1635,0.3042,0.5323,,,,False,early_week_mode,weekly_update_20260916T074211Z_77929576,0.1.0-phase1,2026-09-16T07:42:11+00:00
LALIGA2627_MW09_087_CAOsasuna_R.RacingClub,9,CA Osasuna,R. Racing Club,2026-10-18T00:00:00+00:00,0.4229,0.2585,0.3187,0.5722,0.2006,0.2272,,,,False,early_week_mode,weekly_update_20260916T074211Z_77929576,0.1.0-phase1,2026-09-16T07:42:11+00:00
LALIGA2627_MW09_088_RealMadrid_SevillaFC,9,Real Madrid,Sevilla FC,2026-10-18T00:00:00+00:00,0.7326,0.1646,0.1028,0.7723,0.1447,0.083,,,,False,early_week_mode,weekly_update_20260916T074211Z_77929576,0.1.0-phase1,2026-09-16T07:42:11+00:00
LALIGA2627_MW09_089_ValenciaCF_AthleticClub,9,Valencia CF,Athletic Club,2026-10-18T00:00:00+00:00,0.3905,0.3204,0.2891,0.3648,0.2863,0.3489,,,,False,early_week_mode,weekly_update_20260916T074211Z_77929576,0.1.0-phase1,2026-09-16T07:42:11+00:00
LALIGA2627_MW09_090_VillarrealCF_ElcheCF,9,Villarreal CF,Elche CF,2026-10-18T00:00:00+00:00,0.6695,0.1983,0.1321,0.6755,0.1754,0.1491,,,,False,early_week_mode,weekly_update_20260916T074211Z_77929576,0.1.0-phase1,2026-09-16T07:42:11+00:00
LALIGA2627_MW10_091_DeportivoAlavés_MálagaCF,10,Deportivo Alavés,Málaga CF,2026-10-25T00:00:00+00:00,0.5673,0.269,0.1637,0.6576,0.2549,0.0874,,,,False,early_week_mode,weekly_update_20260916T074211Z_77929576,0.1.0-phase1,2026-09-16T07:42:11+00:00
LALIGA2627_MW10_092_AthleticClub_GetafeCF,10,Athletic Club,Getafe CF,2026-10-25T00:00:00+00:00,0.4611,0.3188,0.2201,0.4696,0.3203,0.2101,,,,False,early_week_mode,weekly_update_20260916T074211Z_77929576,0.1.0-phase1,2026-09-16T07:42:11+00:00
LALIGA2627_MW10_093_AtléticodeMadrid_RCDeportivo,10,Atlético de Madrid,RC Deportivo,2026-10-25T00:00:00+00:00,0.7263,0.167,0.1067,0.6377,0.1869,0.1754,,,,False,early_week_mode,weekly_update_20260916T074211Z_77929576,0.1.0-phase1,2026-09-16T07:42:11+00:00
LALIGA2627_MW10_094_CeltaVigo_RealBetis,10,Celta Vigo,Real Betis,2026-10-25T00:00:00+00:00,0.3666,0.3008,0.3326,0.3949,0.2581,0.347,,,,False,early_week_mode,weekly_update_20260916T074211Z_77929576,0.1.0-phase1,2026-09-16T07:42:11+00:00
LALIGA2627_MW10_096_R.RacingClub_RCDEspanyoldeBarcelona,10,R. Racing Club,RCD Espanyol de Barcelona,2026-10-25T00:00:00+00:00,0.5694,0.2444,0.1863,0.4097,0.2249,0.3654,,,,False,early_week_mode,weekly_update_20260916T074211Z_77929576,0.1.0-phase1,2026-09-16T07:42:11+00:00
LALIGA2627_MW10_097_RayoVallecano_ElcheCF,10,Rayo Vallecano,Elche CF,2026-10-25T00:00:00+00:00,0.5068,0.2832,0.2101,0.4903,0.2542,0.2555,,,,False,early_week_mode,weekly_update_20260916T074211Z_77929576,0.1.0-phase1,2026-09-16T07:42:11+00:00
LALIGA2627_MW10_098_RealSociedad_LevanteUD,10,Real Sociedad,Levante UD,2026-10-25T00:00:00+00:00,0.5315,0.2556,0.213,0.5205,0.2237,0.2557,,,,False,early_week_mode,weekly_update_20260916T074211Z_77929576,0.1.0-phase1,2026-09-16T07:42:11+00:00
LALIGA2627_MW10_099_SevillaFC_CAOsasuna,10,Sevilla FC,CA Osasuna,2026-10-25T00:00:00+00:00,0.5164,0.2735,0.2102,0.4599,0.2618,0.2783,,,,False,early_week_mode,weekly_update_20260916T074211Z_77929576,0.1.0-phase1,2026-09-16T07:42:11+00:00
LALIGA2627_MW10_100_ValenciaCF_VillarrealCF,10,Valencia CF,Villarreal CF,2026-10-25T00:00:00+00:00,0.3094,0.307,0.3836,0.3042,0.2463,0.4495,,,,False,early_week_mode,weekly_update_20260916T074211Z_77929576,0.1.0-phase1,2026-09-16T07:42:11+00:00
LALIGA2627_MW10_095_FCBarcelona_RealMadrid,10,FC Barcelona,Real Madrid,2026-10-25T20:00:00+00:00,0.5244,0.2561,0.2194,0.5573,0.2092,0.2335,,,,False,early_week_mode,weekly_update_20260916T074211Z_77929576,0.1.0-phase1,2026-09-16T07:42:11+00:00
LALIGA2627_MW11_101_AthleticClub_RealSociedad,11,Athletic Club,Real Sociedad,2026-11-01T00:00:00+00:00,0.4527,0.298,0.2493,0.4993,0.2472,0.2535,,,,False,early_week_mode,weekly_update_20260916T074211Z_77929576,0.1.0-phase1,2026-09-16T07:42:11+00:00
LALIGA2627_MW11_102_RealBetis_MálagaCF,11,Real Betis,Málaga CF,2026-11-01T00:00:00+00:00,0.6505,0.2215,0.128,0.7349,0.2034,0.0617,,,,False,early_week_mode,weekly_update_20260916T074211Z_77929576,0.1.0-phase1,2026-09-16T07:42:11+00:00
LALIGA2627_MW11_103_RCDeportivo_CAOsasuna,11,RC Deportivo,CA Osasuna,2026-11-01T00:00:00+00:00,0.5102,0.2701,0.2197,0.5499,0.2199,0.2303,,,,False,early_week_mode,weekly_update_20260916T074211Z_77929576,0.1.0-phase1,2026-09-16T07:42:11+00:00
LALIGA2627_MW11_104_ElcheCF_ValenciaCF,11,Elche CF,Valencia CF,2026-11-01T00:00:00+00:00,0.3421,0.3062,0.3517,0.4609,0.2572,0.2819,,,,False,early_week_mode,weekly_update_20260916T074211Z_77929576,0.1.0-phase1,2026-09-16T07:42:11+00:00
LALIGA2627_MW11_105_FCBarcelona_DeportivoAlavés,11,FC Barcelona,Deportivo Alavés,2026-11-01T00:00:00+00:00,0.7986,0.1244,0.077,0.8159,0.1175,0.0666,,,,False,early_week_mode,weekly_update_20260916T074211Z_77929576,0.1.0-phase1,2026-09-16T07:42:11+00:00
LALIGA2627_MW11_106_GetafeCF_SevillaFC,11,Getafe CF,Sevilla FC,2026-11-01T00:00:00+00:00,0.3899,0.3311,0.279,0.3954,0.3236,0.281,,,,False,early_week_mode,weekly_update_20260916T074211Z_77929576,0.1.0-phase1,2026-09-16T07:42:11+00:00
LALIGA2627_MW11_107_LevanteUD_AtléticodeMadrid,11,Levante UD,Atlético de Madrid,2026-11-01T00:00:00+00:00,0.201,0.2659,0.5331,0.281,0.235,0.4841,,,,False,early_week_mode,weekly_update_20260916T074211Z_77929576,0.1.0-phase1,2026-09-16T07:42:11+00:00
LALIGA2627_MW11_108_R.RacingClub_RealMadrid,11,R. Racing Club,Real Madrid,2026-11-01T00:00:00+00:00,0.2346,0.2401,0.5253,0.1293,0.1459,0.7248,,,,False,early_week_mode,weekly_update_20260916T074211Z_77929576,0.1.0-phase1,2026-09-16T07:42:11+00:00
LALIGA2627_MW11_109_RayoVallecano_CeltaVigo,11,Rayo Vallecano,Celta Vigo,2026-11-01T00:00:00+00:00,0.3927,0.3078,0.2995,0.4155,0.2736,0.311,,,,False,early_week_mode,weekly_update_20260916T074211Z_77929576,0.1.0-phase1,2026-09-16T07:42:11+00:00
LALIGA2627_MW11_110_VillarrealCF_RCDEspanyoldeBarcelona,11,Villarreal CF,RCD Espanyol de Barcelona,2026-11-01T00:00:00+00:00,0.6053,0.2297,0.165,0.6195,0.2055,0.175,,,,False,early_week_mode,weekly_update_20260916T074211Z_77929576,0.1.0-phase1,2026-09-16T07:42:11+00:00
LALIGA2627_MW12_111_AtléticodeMadrid_FCBarcelona,12,Atlético de Madrid,FC Barcelona,2026-11-08T00:00:00+00:00,0.287,0.297,0.4161,0.3,0.2255,0.4745,,,,False,early_week_mode,weekly_update_20260916T074211Z_77929576,0.1.0-phase1,2026-09-16T07:42:11+00:00
LALIGA2627_MW12_112_CeltaVigo_LevanteUD,12,Celta Vigo,Levante UD,2026-11-08T00:00:00+00:00,0.5227,0.2598,0.2175,0.529,0.2304,0.2406,,,,False,early_week_mode,weekly_update_20260916T074211Z_77929576,0.1.0-phase1,2026-09-16T07:42:11+00:00
LALIGA2627_MW12_113_ElcheCF_RealBetis,12,Elche CF,Real Betis,2026-11-08T00:00:00+00:00,0.2715,0.3018,0.4267,0.3315,0.2486,0.4199,,,,False,early_week_mode,weekly_update_20260916T074211Z_77929576,0.1.0-phase1,2026-09-16T07:42:11+00:00
LALIGA2627_MW12_114_RCDEspanyoldeBarcelona_RCDeportivo,12,RCD Espanyol de Barcelona,RC Deportivo,2026-11-08T00:00:00+00:00,0.5065,0.2751,0.2184,0.4232,0.2416,0.3352,,,,False,early_week_mode,weekly_update_20260916T074211Z_77929576,0.1.0-phase1,2026-09-16T07:42:11+00:00
LALIGA2627_MW12_115_MálagaCF_R.RacingClub,12,Málaga CF,R. Racing Club,2026-11-08T00:00:00+00:00,0.332,0.3006,0.3674,0.2222,0.2798,0.4981,,,,False,early_week_mode,weekly_update_20260916T074211Z_77929576,0.1.0-phase1,2026-09-16T07:42:11+00:00
LALIGA2627_MW12_116_CAOsasuna_AthleticClub,12,CA Osasuna,Athletic Club,2026-11-08T00:00:00+00:00,0.3274,0.3213,0.3513,0.3859,0.2806,0.3335,,,,False,early_week_mode,weekly_update_20260916T074211Z_77929576,0.1.0-phase1,2026-09-16T07:42:11+00:00
LALIGA2627_MW12_117_RealSociedad_RayoVallecano,12,Real Sociedad,Rayo Vallecano,2026-11-08T00:00:00+00:00,0.4767,0.2808,0.2425,0.481,0.2537,0.2653,,,,False,early_week_mode,weekly_update_20260916T074211Z_77929576,0.1.0-phase1,2026-09-16T07:42:11+00:00
LALIGA2627_MW12_118_SevillaFC_DeportivoAlavés,12,Sevilla FC,Deportivo Alavés,2026-11-08T00:00:00+00:00,0.4688,0.2876,0.2436,0.4306,0.2631,0.3062,,,,False,early_week_mode,weekly_update_20260916T074211Z_77929576,0.1.0-phase1,2026-09-16T07:42:11+00:00
LALIGA2627_MW12_119_ValenciaCF_RealMadrid,12,Valencia CF,Real Madrid,2026-11-08T00:00:00+00:00,0.1786,0.2563,0.5651,0.1752,0.2233,0.6015,,,,False,early_week_mode,weekly_update_20260916T074211Z_77929576,0.1.0-phase1,2026-09-16T07:42:11+00:00
LALIGA2627_MW12_120_VillarrealCF_GetafeCF,12,Villarreal CF,Getafe CF,2026-11-08T00:00:00+00:00,0.5722,0.2586,0.1692,0.5857,0.2502,0.1641,,,,False,early_week_mode,weekly_update_20260916T074211Z_77929576,0.1.0-phase1,2026-09-16T07:42:11+00:00
LALIGA2627_MW13_121_DeportivoAlavés_RCDeportivo,13,Deportivo Alavés,RC Deportivo,2026-11-22T00:00:00+00:00,0.5149,0.2769,0.2082,0.4492,0.235,0.3157,,,,False,early_week_mode,weekly_update_20260916T074211Z_77929576,0.1.0-phase1,2026-09-16T07:42:11+00:00
LALIGA2627_MW13_122_AthleticClub_RCDEspanyoldeBarcelona,13,Athletic Club,RCD Espanyol de Barcelona,2026-11-22T00:00:00+00:00,0.4923,0.2863,0.2214,0.4978,0.2663,0.2359,,,,False,early_week_mode,weekly_update_20260916T074211Z_77929576,0.1.0-phase1,2026-09-16T07:42:11+00:00
LALIGA2627_MW13_123_FCBarcelona_VillarrealCF,13,FC Barcelona,Villarreal CF,2026-11-22T00:00:00+00:00,0.7127,0.1715,0.1158,0.7519,0.1381,0.11,,,,False,early_week_mode,weekly_update_20260916T074211Z_77929576,0.1.0-phase1,2026-09-16T07:42:11+00:00
LALIGA2627_MW13_124_GetafeCF_AtléticodeMadrid,13,Getafe CF,Atlético de Madrid,2026-11-22T00:00:00+00:00,0.2343,0.321,0.4447,0.2546,0.3103,0.4351,,,,False,early_week_mode,weekly_update_20260916T074211Z_77929576,0.1.0-phase1,2026-09-16T07:42:11+00:00
LALIGA2627_MW13_125_LevanteUD_ElcheCF,13,Levante UD,Elche CF,2026-11-22T00:00:00+00:00,0.4757,0.2808,0.2435,0.5015,0.2293,0.2692,,,,False,early_week_mode,weekly_update_20260916T074211Z_77929576,0.1.0-phase1,2026-09-16T07:42:11+00:00
LALIGA2627_MW13_126_CAOsasuna_MálagaCF,13,CA Osasuna,Málaga CF,2026-11-22T00:00:00+00:00,0.5387,0.2759,0.1854,0.6283,0.2736,0.0981,,,,False,early_week_mode,weekly_update_20260916T074211Z_77929576,0.1.0-phase1,2026-09-16T07:42:11+00:00
LALIGA2627_MW13_127_R.RacingClub_RealSociedad,13,R. Racing Club,Real Sociedad,2026-11-22T00:00:00+00:00,0.5101,0.2624,0.2275,0.3956,0.2082,0.3962,,,,False,early_week_mode,weekly_update_20260916T074211Z_77929576,0.1.0-phase1,2026-09-16T07:42:11+00:00
LALIGA2627_MW13_128_RayoVallecano_ValenciaCF,13,Rayo Vallecano,Valencia CF,2026-11-22T00:00:00+00:00,0.4072,0.3074,0.2854,0.4697,0.2779,0.2524,,,,False,early_week_mode,weekly_update_20260916T074211Z_77929576,0.1.0-phase1,2026-09-16T07:42:11+00:00
LALIGA2627_MW13_129_RealMadrid_CeltaVigo,13,Real Madrid,Celta Vigo,2026-11-22T00:00:00+00:00,0.7371,0.1587,0.1042,0.7341,0.1628,0.1031,,,,False,early_week_mode,weekly_update_20260916T074211Z_77929576,0.1.0-phase1,2026-09-16T07:42:11+00:00
LALIGA2627_MW13_130_SevillaFC_RealBetis,13,Sevilla FC,Real Betis,2026-11-22T00:00:00+00:00,0.365,0.303,0.332,0.3503,0.2591,0.3907,,,,False,early_week_mode,weekly_update_20260916T074211Z_77929576,0.1.0-phase1,2026-09-16T07:42:11+00:00
LALIGA2627_MW14_131_RealBetis_RayoVallecano,14,Real Betis,Rayo Vallecano,2026-11-29T00:00:00+00:00,0.5456,0.2626,0.1918,0.5592,0.2423,0.1985,,,,False,early_week_mode,weekly_update_20260916T074211Z_77929576,0.1.0-phase1,2026-09-16T07:42:11+00:00
LALIGA2627_MW14_132_CeltaVigo_VillarrealCF,14,Celta Vigo,Villarreal CF,2026-11-29T00:00:00+00:00,0.3221,0.2975,0.3804,0.3761,0.2392,0.3847,,,,False,early_week_mode,weekly_update_20260916T074211Z_77929576,0.1.0-phase1,2026-09-16T07:42:11+00:00
LALIGA2627_MW14_133_RCDeportivo_FCBarcelona,14,RC Deportivo,FC Barcelona,2026-11-29T00:00:00+00:00,0.1742,0.208,0.6179,0.1803,0.1727,0.647,,,,False,early_week_mode,weekly_update_20260916T074211Z_77929576,0.1.0-phase1,2026-09-16T07:42:11+00:00
LALIGA2627_MW14_134_ElcheCF_AtléticodeMadrid,14,Elche CF,Atlético de Madrid,2026-11-29T00:00:00+00:00,0.188,0.2635,0.5485,0.2644,0.2354,0.5001,,,,False,early_week_mode,weekly_update_20260916T074211Z_77929576,0.1.0-phase1,2026-09-16T07:42:11+00:00
LALIGA2627_MW14_135_RCDEspanyoldeBarcelona_GetafeCF,14,RCD Espanyol de Barcelona,Getafe CF,2026-11-29T00:00:00+00:00,0.4063,0.3342,0.2595,0.4261,0.3296,0.2443,,,,False,early_week_mode,weekly_update_20260916T074211Z_77929576,0.1.0-phase1,2026-09-16T07:42:11+00:00
LALIGA2627_MW14_136_LevanteUD_R.RacingClub,14,Levante UD,R. Racing Club,2026-11-29T00:00:00+00:00,0.4305,0.2504,0.3191,0.5903,0.1838,0.2258,,,,False,early_week_mode,weekly_update_20260916T074211Z_77929576,0.1.0-phase1,2026-09-16T07:42:11+00:00
LALIGA2627_MW14_137_MálagaCF_AthleticClub,14,Málaga CF,Athletic Club,2026-11-29T00:00:00+00:00,0.3259,0.3485,0.3256,0.1458,0.3282,0.526,,,,False,early_week_mode,weekly_update_20260916T074211Z_77929576,0.1.0-phase1,2026-09-16T07:42:11+00:00
LALIGA2627_MW14_138_RealMadrid_DeportivoAlavés,14,Real Madrid,Deportivo Alavés,2026-11-29T00:00:00+00:00,0.7546,0.1498,0.0956,0.7415,0.1616,0.0969,,,,False,early_week_mode,weekly_update_20260916T074211Z_77929576,0.1.0-phase1,2026-09-16T07:42:11+00:00
LALIGA2627_MW14_139_RealSociedad_SevillaFC,14,Real Sociedad,Sevilla FC,2026-11-29T00:00:00+00:00,0.4475,0.2891,0.2634,0.5025,0.2376,0.2599,,,,False,early_week_mode,weekly_update_20260916T074211Z_77929576,0.1.0-phase1,2026-09-16T07:42:11+00:00
LALIGA2627_MW14_140_ValenciaCF_CAOsasuna,14,Valencia CF,CA Osasuna,2026-11-29T00:00:00+00:00,0.5003,0.2848,0.2149,0.4274,0.278,0.2946,,,,False,early_week_mode,weekly_update_20260916T074211Z_77929576,0.1.0-phase1,2026-09-16T07:42:11+00:00
LALIGA2627_MW15_141_DeportivoAlavés_RCDEspanyoldeBarcelona,15,Deportivo Alavés,RCD Espanyol de Barcelona,2026-12-06T00:00:00+00:00,0.4292,0.3094,0.2614,0.4714,0.266,0.2625,,,,False,early_week_mode,weekly_update_20260916T074211Z_77929576,0.1.0-phase1,2026-09-16T07:42:11+00:00
LALIGA2627_MW15_142_AthleticClub_RealMadrid,15,Athletic Club,Real Madrid,2026-12-06T00:00:00+00:00,0.203,0.2779,0.5191,0.2367,0.247,0.5163,,,,False,early_week_mode,weekly_update_20260916T074211Z_77929576,0.1.0-phase1,2026-09-16T07:42:11+00:00
LALIGA2627_MW15_143_AtléticodeMadrid_RealBetis,15,Atlético de Madrid,Real Betis,2026-12-06T00:00:00+00:00,0.5759,0.2414,0.1827,0.5474,0.2302,0.2224,,,,False,early_week_mode,weekly_update_20260916T074211Z_77929576,0.1.0-phase1,2026-09-16T07:42:11+00:00
LALIGA2627_MW15_144_FCBarcelona_CeltaVigo,15,FC Barcelona,Celta Vigo,2026-12-06T00:00:00+00:00,0.7842,0.132,0.0839,0.8097,0.1191,0.0711,,,,False,early_week_mode,weekly_update_20260916T074211Z_77929576,0.1.0-phase1,2026-09-16T07:42:11+00:00
LALIGA2627_MW15_145_GetafeCF_ValenciaCF,15,Getafe CF,Valencia CF,2026-12-06T00:00:00+00:00,0.3953,0.3371,0.2676,0.4032,0.3368,0.26,,,,False,early_week_mode,weekly_update_20260916T074211Z_77929576,0.1.0-phase1,2026-09-16T07:42:11+00:00
LALIGA2627_MW15_146_CAOsasuna_ElcheCF,15,CA Osasuna,Elche CF,2026-12-06T00:00:00+00:00,0.4602,0.2926,0.2472,0.4854,0.2491,0.2655,,,,False,early_week_mode,weekly_update_20260916T074211Z_77929576,0.1.0-phase1,2026-09-16T07:42:11+00:00
LALIGA2627_MW15_147_R.RacingClub_RCDeportivo,15,R. Racing Club,RC Deportivo,2026-12-06T00:00:00+00:00,0.5912,0.2282,0.1806,0.362,0.1947,0.4433,,,,False,early_week_mode,weekly_update_20260916T074211Z_77929576,0.1.0-phase1,2026-09-16T07:42:11+00:00
LALIGA2627_MW15_148_RayoVallecano_LevanteUD,15,Rayo Vallecano,Levante UD,2026-12-06T00:00:00+00:00,0.4757,0.2839,0.2404,0.4757,0.2535,0.2709,,,,False,early_week_mode,weekly_update_20260916T074211Z_77929576,0.1.0-phase1,2026-09-16T07:42:11+00:00
LALIGA2627_MW15_149_SevillaFC_MálagaCF,15,Sevilla FC,Málaga CF,2026-12-06T00:00:00+00:00,0.6157,0.2395,0.1448,0.6434,0.2603,0.0963,,,,False,early_week_mode,weekly_update_20260916T074211Z_77929576,0.1.0-phase1,2026-09-16T07:42:11+00:00
LALIGA2627_MW15_150_VillarrealCF_RealSociedad,15,Villarreal CF,Real Sociedad,2026-12-06T00:00:00+00:00,0.5627,0.2481,0.1892,0.6237,0.1911,0.1851,,,,False,early_week_mode,weekly_update_20260916T074211Z_77929576,0.1.0-phase1,2026-09-16T07:42:11+00:00
LALIGA2627_MW16_151_AtléticodeMadrid_ValenciaCF,16,Atlético de Madrid,Valencia CF,2026-12-13T00:00:00+00:00,0.6503,0.2148,0.1349,0.668,0.1992,0.1328,,,,False,early_week_mode,weekly_update_20260916T074211Z_77929576,0.1.0-phase1,2026-09-16T07:42:11+00:00
LALIGA2627_MW16_152_RealBetis_R.RacingClub,16,Real Betis,R. Racing Club,2026-12-13T00:00:00+00:00,0.5593,0.2248,0.2159,0.7164,0.1511,0.1325,,,,False,early_week_mode,weekly_update_20260916T074211Z_77929576,0.1.0-phase1,2026-09-16T07:42:11+00:00
LALIGA2627_MW16_153_RCDeportivo_AthleticClub,16,RC Deportivo,Athletic Club,2026-12-13T00:00:00+00:00,0.4149,0.2917,0.2934,0.4752,0.237,0.2878,,,,False,early_week_mode,weekly_update_20260916T074211Z_77929576,0.1.0-phase1,2026-09-16T07:42:11+00:00
LALIGA2627_MW16_154_ElcheCF_SevillaFC,16,Elche CF,Sevilla FC,2026-12-13T00:00:00+00:00,0.3354,0.2991,0.3655,0.4464,0.2486,0.3051,,,,False,early_week_mode,weekly_update_20260916T074211Z_77929576,0.1.0-phase1,2026-09-16T07:42:11+00:00
LALIGA2627_MW16_155_RCDEspanyoldeBarcelona_CeltaVigo,16,RCD Espanyol de Barcelona,Celta Vigo,2026-12-13T00:00:00+00:00,0.388,0.3077,0.3043,0.4185,0.2685,0.313,,,,False,early_week_mode,weekly_update_20260916T074211Z_77929576,0.1.0-phase1,2026-09-16T07:42:11+00:00
LALIGA2627_MW16_156_LevanteUD_DeportivoAlavés,16,Levante UD,Deportivo Alavés,2026-12-13T00:00:00+00:00,0.3995,0.3025,0.2979,0.435,0.2503,0.3147,,,,False,early_week_mode,weekly_update_20260916T074211Z_77929576,0.1.0-phase1,2026-09-16T07:42:11+00:00
LALIGA2627_MW16_157_MálagaCF_FCBarcelona,16,Málaga CF,FC Barcelona,2026-12-13T00:00:00+00:00,0.1566,0.2152,0.6282,0.0428,0.141,0.8162,,,,False,early_week_mode,weekly_update_20260916T074211Z_77929576,0.1.0-phase1,2026-09-16T07:42:11+00:00
LALIGA2627_MW16_158_RealMadrid_CAOsasuna,16,Real Madrid,CA Osasuna,2026-12-13T00:00:00+00:00,0.7796,0.1374,0.083,0.7645,0.1514,0.0841,,,,False,early_week_mode,weekly_update_20260916T074211Z_77929576,0.1.0-phase1,2026-09-16T07:42:11+00:00
LALIGA2627_MW16_159_RealSociedad_GetafeCF,16,Real Sociedad,Getafe CF,2026-12-13T00:00:00+00:00,0.4549,0.3101,0.235,0.4662,0.2972,0.2367,,,,False,early_week_mode,weekly_update_20260916T074211Z_77929576,0.1.0-phase1,2026-09-16T07:42:11+00:00
LALIGA2627_MW16_160_VillarrealCF_RayoVallecano,16,Villarreal CF,Rayo Vallecano,2026-12-13T00:00:00+00:00,0.6008,0.2297,0.1695,0.6131,0.2106,0.1762,,,,False,early_week_mode,weekly_update_20260916T074211Z_77929576,0.1.0-phase1,2026-09-16T07:42:11+00:00
LALIGA2627_MW17_161_DeportivoAlavés_ElcheCF,17,Deportivo Alavés,Elche CF,2026-12-20T00:00:00+00:00,0.5012,0.287,0.2117,0.521,0.2395,0.2395,,,,False,early_week_mode,weekly_update_20260916T074211Z_77929576,0.1.0-phase1,2026-09-16T07:42:11+00:00
LALIGA2627_MW17_162_AthleticClub_RealBetis,17,Athletic Club,Real Betis,2026-12-20T00:00:00+00:00,0.3835,0.3096,0.3069,0.4041,0.269,0.3268,,,,False,early_week_mode,weekly_update_20260916T074211Z_77929576,0.1.0-phase1,2026-09-16T07:42:11+00:00
LALIGA2627_MW17_163_CeltaVigo_AtléticodeMadrid,17,Celta Vigo,Atlético de Madrid,2026-12-20T00:00:00+00:00,0.252,0.2911,0.4569,0.3253,0.2535,0.4212,,,,False,early_week_mode,weekly_update_20260916T074211Z_77929576,0.1.0-phase1,2026-09-16T07:42:11+00:00
LALIGA2627_MW17_164_RCDeportivo_RealMadrid,17,RC Deportivo,Real Madrid,2026-12-20T00:00:00+00:00,0.2109,0.2329,0.5563,0.233,0.2071,0.5599,,,,False,early_week_mode,weekly_update_20260916T074211Z_77929576,0.1.0-phase1,2026-09-16T07:42:11+00:00
LALIGA2627_MW17_165_FCBarcelona_RealSociedad,17,FC Barcelona,Real Sociedad,2026-12-20T00:00:00+00:00,0.7784,0.138,0.0836,0.8377,0.1018,0.0605,,,,False,early_week_mode,weekly_update_20260916T074211Z_77929576,0.1.0-phase1,2026-09-16T07:42:11+00:00
LALIGA2627_MW17_166_GetafeCF_LevanteUD,17,Getafe CF,Levante UD,2026-12-20T00:00:00+00:00,0.459,0.3084,0.2326,0.4116,0.3059,0.2826,,,,False,early_week_mode,weekly_update_20260916T074211Z_77929576,0.1.0-phase1,2026-09-16T07:42:11+00:00
LALIGA2627_MW17_167_CAOsasuna_VillarrealCF,17,CA Osasuna,Villarreal CF,2026-12-20T00:00:00+00:00,0.2575,0.2958,0.4467,0.3244,0.2442,0.4314,,,,False,early_week_mode,weekly_update_20260916T074211Z_77929576,0.1.0-phase1,2026-09-16T07:42:11+00:00
LALIGA2627_MW17_168_RayoVallecano_MálagaCF,17,Rayo Vallecano,Málaga CF,2026-12-20T00:00:00+00:00,0.5559,0.2725,0.1716,0.6246,0.2805,0.0949,,,,False,early_week_mode,weekly_update_20260916T074211Z_77929576,0.1.0-phase1,2026-09-16T07:42:11+00:00
LALIGA2627_MW17_169_SevillaFC_R.RacingClub,17,Sevilla FC,R. Racing Club,2026-12-20T00:00:00+00:00,0.5142,0.2409,0.2448,0.5833,0.1934,0.2233,,,,False,early_week_mode,weekly_update_20260916T074211Z_77929576,0.1.0-phase1,2026-09-16T07:42:11+00:00
LALIGA2627_MW17_170_ValenciaCF_RCDEspanyoldeBarcelona,17,Valencia CF,RCD Espanyol de Barcelona,2026-12-20T00:00:00+00:00,0.458,0.2955,0.2465,0.4156,0.2816,0.3028,,,,False,early_week_mode,weekly_update_20260916T074211Z_77929576,0.1.0-phase1,2026-09-16T07:42:11+00:00
LALIGA2627_MW18_171_RealBetis_DeportivoAlavés,18,Real Betis,Deportivo Alavés,2027-01-03T00:00:00+00:00,0.5477,0.2653,0.187,0.5499,0.2374,0.2126,,,,False,early_week_mode,weekly_update_20260916T074211Z_77929576,0.1.0-phase1,2026-09-16T07:42:11+00:00
LALIGA2627_MW18_172_CeltaVigo_RCDeportivo,18,Celta Vigo,RC Deportivo,2027-01-03T00:00:00+00:00,0.5469,0.2529,0.2001,0.4717,0.2281,0.3002,,,,False,early_week_mode,weekly_update_20260916T074211Z_77929576,0.1.0-phase1,2026-09-16T07:42:11+00:00
LALIGA2627_MW18_173_RCDEspanyoldeBarcelona_FCBarcelona,18,RCD Espanyol de Barcelona,FC Barcelona,2027-01-03T00:00:00+00:00,0.1324,0.2097,0.6579,0.1533,0.1906,0.6561,,,,False,early_week_mode,weekly_update_20260916T074211Z_77929576,0.1.0-phase1,2026-09-16T07:42:11+00:00
LALIGA2627_MW18_174_LevanteUD_ValenciaCF,18,Levante UD,Valencia CF,2027-01-03T00:00:00+00:00,0.3736,0.2984,0.328,0.4827,0.2501,0.2672,,,,False,early_week_mode,weekly_update_20260916T074211Z_77929576,0.1.0-phase1,2026-09-16T07:42:11+00:00
LALIGA2627_MW18_175_MálagaCF_ElcheCF,18,Málaga CF,Elche CF,2027-01-03T00:00:00+00:00,0.4303,0.3291,0.2406,0.1899,0.3234,0.4867,,,,False,early_week_mode,weekly_update_20260916T074211Z_77929576,0.1.0-phase1,2026-09-16T07:42:11+00:00
LALIGA2627_MW18_176_R.RacingClub_AthleticClub,18,R. Racing Club,Athletic Club,2027-01-03T00:00:00+00:00,0.4817,0.2769,0.2414,0.3489,0.2252,0.4258,,,,False,early_week_mode,weekly_update_20260916T074211Z_77929576,0.1.0-phase1,2026-09-16T07:42:11+00:00
LALIGA2627_MW18_177_RayoVallecano_AtléticodeMadrid,18,Rayo Vallecano,Atlético de Madrid,2027-01-03T00:00:00+00:00,0.2278,0.2874,0.4848,0.2879,0.2647,0.4474,,,,False,early_week_mode,weekly_update_20260916T074211Z_77929576,0.1.0-phase1,2026-09-16T07:42:11+00:00
LALIGA2627_MW18_178_RealMadrid_GetafeCF,18,Real Madrid,Getafe CF,2027-01-03T00:00:00+00:00,0.7264,0.1731,0.1005,0.7031,0.2061,0.0908,,,,False,early_week_mode,weekly_update_20260916T074211Z_77929576,0.1.0-phase1,2026-09-16T07:42:11+00:00
LALIGA2627_MW18_179_RealSociedad_CAOsasuna,18,Real Sociedad,CA Osasuna,2027-01-03T00:00:00+00:00,0.5267,0.2691,0.2042,0.499,0.2443,0.2567,,,,False,early_week_mode,weekly_update_20260916T074211Z_77929576,0.1.0-phase1,2026-09-16T07:42:11+00:00
LALIGA2627_MW18_180_VillarrealCF_SevillaFC,18,Villarreal CF,Sevilla FC,2027-01-03T00:00:00+00:00,0.5648,0.2463,0.189,0.6392,0.1932,0.1676,,,,False,early_week_mode,weekly_update_20260916T074211Z_77929576,0.1.0-phase1,2026-09-16T07:42:11+00:00
LALIGA2627_MW19_181_DeportivoAlavés_RealSociedad,19,Deportivo Alavés,Real Sociedad,2027-01-10T00:00:00+00:00,0.3921,0.3088,0.2991,0.4701,0.247,0.283,,,,False,early_week_mode,weekly_update_20260916T074211Z_77929576,0.1.0-phase1,2026-09-16T07:42:11+00:00
LALIGA2627_MW19_182_AthleticClub_VillarrealCF,19,Athletic Club,Villarreal CF,2027-01-10T00:00:00+00:00,0.3451,0.3118,0.3431,0.388,0.2498,0.3622,,,,False,early_week_mode,weekly_update_20260916T074211Z_77929576,0.1.0-phase1,2026-09-16T07:42:11+00:00
LALIGA2627_MW19_183_AtléticodeMadrid_R.RacingClub,19,Atlético de Madrid,R. Racing Club,2027-01-10T00:00:00+00:00,0.7024,0.1663,0.1314,0.7922,0.119,0.0888,,,,False,early_week_mode,weekly_update_20260916T074211Z_77929576,0.1.0-phase1,2026-09-16T07:42:11+00:00
LALIGA2627_MW19_184_RCDeportivo_RayoVallecano,19,RC Deportivo,Rayo Vallecano,2027-01-10T00:00:00+00:00,0.4855,0.2755,0.239,0.5306,0.2295,0.2399,,,,False,early_week_mode,weekly_update_20260916T074211Z_77929576,0.1.0-phase1,2026-09-16T07:42:11+00:00
LALIGA2627_MW19_185_ElcheCF_GetafeCF,19,Elche CF,Getafe CF,2027-01-10T00:00:00+00:00,0.351,0.3367,0.3123,0.4189,0.3093,0.2719,,,,False,early_week_mode,weekly_update_20260916T074211Z_77929576,0.1.0-phase1,2026-09-16T07:42:11+00:00
LALIGA2627_MW19_186_RCDEspanyoldeBarcelona_RealBetis,19,RCD Espanyol de Barcelona,Real Betis,2027-01-10T00:00:00+00:00,0.3223,0.3119,0.3658,0.3532,0.2689,0.3779,,,,False,early_week_mode,weekly_update_20260916T074211Z_77929576,0.1.0-phase1,2026-09-16T07:42:11+00:00
LALIGA2627_MW19_187_CAOsasuna_FCBarcelona,19,CA Osasuna,FC Barcelona,2027-01-10T00:00:00+00:00,0.1194,0.1995,0.6812,0.1458,0.1843,0.6699,,,,False,early_week_mode,weekly_update_20260916T074211Z_77929576,0.1.0-phase1,2026-09-16T07:42:11+00:00
LALIGA2627_MW19_188_RealMadrid_LevanteUD,19,Real Madrid,Levante UD,2027-01-10T00:00:00+00:00,0.7892,0.1272,0.0836,0.7952,0.1285,0.0763,,,,False,early_week_mode,weekly_update_20260916T074211Z_77929576,0.1.0-phase1,2026-09-16T07:42:11+00:00
LALIGA2627_MW19_189_SevillaFC_CeltaVigo,19,Sevilla FC,Celta Vigo,2027-01-10T00:00:00+00:00,0.4341,0.2927,0.2732,0.4177,0.2593,0.323,,,,False,early_week_mode,weekly_update_20260916T074211Z_77929576,0.1.0-phase1,2026-09-16T07:42:11+00:00
LALIGA2627_MW19_190_ValenciaCF_MálagaCF,19,Valencia CF,Málaga CF,2027-01-10T00:00:00+00:00,0.5818,0.2599,0.1583,0.6048,0.2898,0.1053,,,,False,early_week_mode,weekly_update_20260916T074211Z_77929576,0.1.0-phase1,2026-09-16T07:42:11+00:00
LALIGA2627_MW20_191_AtléticodeMadrid_RealSociedad,20,Atlético de Madrid,Real Sociedad,2027-01-17T00:00:00+00:00,0.6406,0.219,0.1404,0.6499,0.1926,0.1575,,,,False,early_week_mode,weekly_update_20260916T074211Z_77929576,0.1.0-phase1,2026-09-16T07:42:11+00:00
LALIGA2627_MW20_192_RealBetis_RCDeportivo,20,Real Betis,RC Deportivo,2027-01-17T00:00:00+00:00,0.6147,0.2295,0.1558,0.5525,0.2122,0.2353,,,,False,early_week_mode,weekly_update_20260916T074211Z_77929576,0.1.0-phase1,2026-09-16T07:42:11+00:00
LALIGA2627_MW20_193_CeltaVigo_ValenciaCF,20,Celta Vigo,Valencia CF,2027-01-17T00:00:00+00:00,0.4501,0.29,0.2598,0.5214,0.2524,0.2261,,,,False,early_week_mode,weekly_update_20260916T074211Z_77929576,0.1.0-phase1,2026-09-16T07:42:11+00:00
LALIGA2627_MW20_194_FCBarcelona_ElcheCF,20,FC Barcelona,Elche CF,2027-01-17T00:00:00+00:00,0.8315,0.1042,0.0643,0.8702,0.0849,0.045,,,,False,early_week_mode,weekly_update_20260916T074211Z_77929576,0.1.0-phase1,2026-09-16T07:42:11+00:00
LALIGA2627_MW20_195_GetafeCF_AthleticClub,20,Getafe CF,Athletic Club,2027-01-17T00:00:00+00:00,0.3637,0.3506,0.2857,0.3378,0.3419,0.3203,,,,False,early_week_mode,weekly_update_20260916T074211Z_77929576,0.1.0-phase1,2026-09-16T07:42:11+00:00
LALIGA2627_MW20_196_LevanteUD_RCDEspanyoldeBarcelona,20,Levante UD,RCD Espanyol de Barcelona,2027-01-17T00:00:00+00:00,0.4014,0.2991,0.2995,0.4529,0.2527,0.2944,,,,False,early_week_mode,weekly_update_20260916T074211Z_77929576,0.1.0-phase1,2026-09-16T07:42:11+00:00
LALIGA2627_MW20_197_MálagaCF_RealMadrid,20,Málaga CF,Real Madrid,2027-01-17T00:00:00+00:00,0.1843,0.2457,0.57,0.0602,0.1946,0.7452,,,,False,early_week_mode,weekly_update_20260916T074211Z_77929576,0.1.0-phase1,2026-09-16T07:42:11+00:00
LALIGA2627_MW20_198_R.RacingClub_CAOsasuna,20,R. Racing Club,CA Osasuna,2027-01-17T00:00:00+00:00,0.5919,0.237,0.1711,0.4231,0.2225,0.3543,,,,False,early_week_mode,weekly_update_20260916T074211Z_77929576,0.1.0-phase1,2026-09-16T07:42:11+00:00
LALIGA2627_MW20_199_RayoVallecano_SevillaFC,20,Rayo Vallecano,Sevilla FC,2027-01-17T00:00:00+00:00,0.4001,0.3022,0.2977,0.4585,0.2686,0.2728,,,,False,early_week_mode,weekly_update_20260916T074211Z_77929576,0.1.0-phase1,2026-09-16T07:42:11+00:00
LALIGA2627_MW20_200_VillarrealCF_DeportivoAlavés,20,Villarreal CF,Deportivo Alavés,2027-01-17T00:00:00+00:00,0.599,0.2336,0.1674,0.6035,0.2074,0.1891,,,,False,early_week_mode,weekly_update_20260916T074211Z_77929576,0.1.0-phase1,2026-09-16T07:42:11+00:00
LALIGA2627_MW21_201_DeportivoAlavés_FCBarcelona,21,Deportivo Alavés,FC Barcelona,2027-01-24T00:00:00+00:00,0.1356,0.2145,0.6499,0.166,0.1931,0.6408,,,,False,early_week_mode,weekly_update_20260916T074211Z_77929576,0.1.0-phase1,2026-09-16T07:42:11+00:00
LALIGA2627_MW21_202_AthleticClub_LevanteUD,21,Athletic Club,Levante UD,2027-01-24T00:00:00+00:00,0.5418,0.2585,0.1997,0.5348,0.2381,0.2271,,,,False,early_week_mode,weekly_update_20260916T074211Z_77929576,0.1.0-phase1,2026-09-16T07:42:11+00:00
LALIGA2627_MW21_203_RCDeportivo_AtléticodeMadrid,21,RC Deportivo,Atlético de Madrid,2027-01-24T00:00:00+00:00,0.2811,0.27,0.4489,0.348,0.2285,0.4235,,,,False,early_week_mode,weekly_update_20260916T074211Z_77929576,0.1.0-phase1,2026-09-16T07:42:11+00:00
LALIGA2627_MW21_204_ElcheCF_RayoVallecano,21,Elche CF,Rayo Vallecano,2027-01-24T00:00:00+00:00,0.3593,0.3111,0.3296,0.4276,0.2639,0.3085,,,,False,early_week_mode,weekly_update_20260916T074211Z_77929576,0.1.0-phase1,2026-09-16T07:42:11+00:00
LALIGA2627_MW21_205_RCDEspanyoldeBarcelona_VillarrealCF,21,RCD Espanyol de Barcelona,Villarreal CF,2027-01-24T00:00:00+00:00,0.2843,0.3016,0.4142,0.3342,0.2472,0.4187,,,,False,early_week_mode,weekly_update_20260916T074211Z_77929576,0.1.0-phase1,2026-09-16T07:42:11+00:00
LALIGA2627_MW21_206_GetafeCF_CAOsasuna,21,Getafe CF,CA Osasuna,2027-01-24T00:00:00+00:00,0.4573,0.3241,0.2186,0.3914,0.333,0.2756,,,,False,early_week_mode,weekly_update_20260916T074211Z_77929576,0.1.0-phase1,2026-09-16T07:42:11+00:00
LALIGA2627_MW21_207_R.RacingClub_CeltaVigo,21,R. Racing Club,Celta Vigo,2027-01-24T00:00:00+00:00,0.5341,0.2545,0.2114,0.3711,0.2166,0.4123,,,,False,early_week_mode,weekly_update_20260916T074211Z_77929576,0.1.0-phase1,2026-09-16T07:42:11+00:00
LALIGA2627_MW21_208_RealMadrid_RealBetis,21,Real Madrid,Real Betis,2027-01-24T00:00:00+00:00,0.6836,0.1843,0.1321,0.6708,0.1889,0.1404,,,,False,early_week_mode,weekly_update_20260916T074211Z_77929576,0.1.0-phase1,2026-09-16T07:42:11+00:00
LALIGA2627_MW21_209_RealSociedad_MálagaCF,21,Real Sociedad,Málaga CF,2027-01-24T00:00:00+00:00,0.6155,0.2366,0.1479,0.6858,0.2289,0.0854,,,,False,early_week_mode,weekly_update_20260916T074211Z_77929576,0.1.0-phase1,2026-09-16T07:42:11+00:00
LALIGA2627_MW21_210_ValenciaCF_SevillaFC,21,Valencia CF,Sevilla FC,2027-01-24T00:00:00+00:00,0.4215,0.3022,0.2763,0.4302,0.2703,0.2995,,,,False,early_week_mode,weekly_update_20260916T074211Z_77929576,0.1.0-phase1,2026-09-16T07:42:11+00:00
LALIGA2627_MW22_211_AtléticodeMadrid_RCDEspanyoldeBarcelona,22,Atlético de Madrid,RCD Espanyol de Barcelona,2027-01-31T00:00:00+00:00,0.6736,0.1988,0.1275,0.6418,0.2084,0.1499,,,,False,early_week_mode,weekly_update_20260916T074211Z_77929576,0.1.0-phase1,2026-09-16T07:42:11+00:00
LALIGA2627_MW22_212_RealBetis_ElcheCF,22,Real Betis,Elche CF,2027-01-31T00:00:00+00:00,0.6193,0.2311,0.1496,0.6197,0.2065,0.1738,,,,False,early_week_mode,weekly_update_20260916T074211Z_77929576,0.1.0-phase1,2026-09-16T07:42:11+00:00
LALIGA2627_MW22_213_CeltaVigo_GetafeCF,22,Celta Vigo,Getafe CF,2027-01-31T00:00:00+00:00,0.4532,0.3113,0.2354,0.4691,0.3081,0.2228,,,,False,early_week_mode,weekly_update_20260916T074211Z_77929576,0.1.0-phase1,2026-09-16T07:42:11+00:00
LALIGA2627_MW22_214_FCBarcelona_ValenciaCF,22,FC Barcelona,Valencia CF,2027-01-31T00:00:00+00:00,0.7832,0.1352,0.0817,0.8441,0.1041,0.0518,,,,False,early_week_mode,weekly_update_20260916T074211Z_77929576,0.1.0-phase1,2026-09-16T07:42:11+00:00
LALIGA2627_MW22_215_LevanteUD_RealSociedad,22,Levante UD,Real Sociedad,2027-01-31T00:00:00+00:00,0.3577,0.2966,0.3457,0.4473,0.2347,0.318,,,,False,early_week_mode,weekly_update_20260916T074211Z_77929576,0.1.0-phase1,2026-09-16T07:42:11+00:00
LALIGA2627_MW22_216_MálagaCF_DeportivoAlavés,22,Málaga CF,Deportivo Alavés,2027-01-31T00:00:00+00:00,0.3748,0.3441,0.2812,0.1617,0.3293,0.5091,,,,False,early_week_mode,weekly_update_20260916T074211Z_77929576,0.1.0-phase1,2026-09-16T07:42:11+00:00
LALIGA2627_MW22_217_CAOsasuna_RCDeportivo,22,CA Osasuna,RC Deportivo,2027-01-31T00:00:00+00:00,0.4827,0.2801,0.2372,0.4131,0.2403,0.3466,,,,False,early_week_mode,weekly_update_20260916T074211Z_77929576,0.1.0-phase1,2026-09-16T07:42:11+00:00
LALIGA2627_MW22_218_RayoVallecano_RealMadrid,22,Rayo Vallecano,Real Madrid,2027-01-31T00:00:00+00:00,0.1663,0.2397,0.594,0.1967,0.2361,0.5672,,,,False,early_week_mode,weekly_update_20260916T074211Z_77929576,0.1.0-phase1,2026-09-16T07:42:11+00:00
LALIGA2627_MW22_219_SevillaFC_AthleticClub,22,Sevilla FC,Athletic Club,2027-01-31T00:00:00+00:00,0.4015,0.3136,0.2849,0.3936,0.2725,0.3339,,,,False,early_week_mode,weekly_update_20260916T074211Z_77929576,0.1.0-phase1,2026-09-16T07:42:11+00:00
LALIGA2627_MW22_220_VillarrealCF_R.RacingClub,22,Villarreal CF,R. Racing Club,2027-01-31T00:00:00+00:00,0.6152,0.1993,0.1855,0.7711,0.1224,0.1065,,,,False,early_week_mode,weekly_update_20260916T074211Z_77929576,0.1.0-phase1,2026-09-16T07:42:11+00:00
LALIGA2627_MW23_221_DeportivoAlavés_CeltaVigo,23,Deportivo Alavés,Celta Vigo,2027-02-07T00:00:00+00:00,0.3904,0.3108,0.2988,0.443,0.2609,0.2961,,,,False,early_week_mode,weekly_update_20260916T074211Z_77929576,0.1.0-phase1,2026-09-16T07:42:11+00:00
LALIGA2627_MW23_222_AthleticClub_CAOsasuna,23,Athletic Club,CA Osasuna,2027-02-07T00:00:00+00:00,0.5353,0.2734,0.1913,0.5106,0.2612,0.2282,,,,False,early_week_mode,weekly_update_20260916T074211Z_77929576,0.1.0-phase1,2026-09-16T07:42:11+00:00
LALIGA2627_MW23_223_RealBetis_SevillaFC,23,Real Betis,Sevilla FC,2027-02-07T00:00:00+00:00,0.512,0.2714,0.2166,0.5843,0.2241,0.1916,,,,False,early_week_mode,weekly_update_20260916T074211Z_77929576,0.1.0-phase1,2026-09-16T07:42:11+00:00
LALIGA2627_MW23_224_RCDeportivo_MálagaCF,23,RC Deportivo,Málaga CF,2027-02-07T00:00:00+00:00,0.5681,0.2487,0.1832,0.7392,0.1889,0.0719,,,,False,early_week_mode,weekly_update_20260916T074211Z_77929576,0.1.0-phase1,2026-09-16T07:42:11+00:00
LALIGA2627_MW23_225_ElcheCF_LevanteUD,23,Elche CF,Levante UD,2027-02-07T00:00:00+00:00,0.4059,0.2932,0.3009,0.4619,0.2352,0.3028,,,,False,early_week_mode,weekly_update_20260916T074211Z_77929576,0.1.0-phase1,2026-09-16T07:42:11+00:00
LALIGA2627_MW23_226_RCDEspanyoldeBarcelona_RayoVallecano,23,RCD Espanyol de Barcelona,Rayo Vallecano,2027-02-07T00:00:00+00:00,0.4225,0.3061,0.2714,0.442,0.2806,0.2774,,,,False,early_week_mode,weekly_update_20260916T074211Z_77929576,0.1.0-phase1,2026-09-16T07:42:11+00:00
LALIGA2627_MW23_227_FCBarcelona_AtléticodeMadrid,23,FC Barcelona,Atlético de Madrid,2027-02-07T00:00:00+00:00,0.6129,0.229,0.1581,0.6843,0.1721,0.1436,,,,False,early_week_mode,weekly_update_20260916T074211Z_77929576,0.1.0-phase1,2026-09-16T07:42:11+00:00
LALIGA2627_MW23_228_GetafeCF_VillarrealCF,23,Getafe CF,Villarreal CF,2027-02-07T00:00:00+00:00,0.2895,0.3285,0.382,0.2934,0.2947,0.4118,,,,False,early_week_mode,weekly_update_20260916T074211Z_77929576,0.1.0-phase1,2026-09-16T07:42:11+00:00
LALIGA2627_MW23_229_RealSociedad_RealMadrid,23,Real Sociedad,Real Madrid,2027-02-07T00:00:00+00:00,0.1874,0.2587,0.5539,0.2086,0.2144,0.577,,,,False,early_week_mode,weekly_update_20260916T074211Z_77929576,0.1.0-phase1,2026-09-16T07:42:11+00:00
LALIGA2627_MW23_230_ValenciaCF_R.RacingClub,23,Valencia CF,R. Racing Club,2027-02-07T00:00:00+00:00,0.4785,0.2534,0.2681,0.5445,0.2098,0.2457,,,,False,early_week_mode,weekly_update_20260916T074211Z_77929576,0.1.0-phase1,2026-09-16T07:42:11+00:00
LALIGA2627_MW24_231_CeltaVigo_RayoVallecano,24,Celta Vigo,Rayo Vallecano,2027-02-14T00:00:00+00:00,0.474,0.2833,0.2426,0.4879,0.2623,0.2498,,,,False,early_week_mode,weekly_update_20260916T074211Z_77929576,0.1.0-phase1,2026-09-16T07:42:11+00:00
LALIGA2627_MW24_232_ElcheCF_RCDeportivo,24,Elche CF,RC Deportivo,2027-02-14T00:00:00+00:00,0.4502,0.2873,0.2625,0.3998,0.2265,0.3737,,,,False,early_week_mode,weekly_update_20260916T074211Z_77929576,0.1.0-phase1,2026-09-16T07:42:11+00:00
LALIGA2627_MW24_233_LevanteUD_MálagaCF,24,Levante UD,Málaga CF,2027-02-14T00:00:00+00:00,0.5613,0.2584,0.1803,0.6621,0.2414,0.0965,,,,False,early_week_mode,weekly_update_20260916T074211Z_77929576,0.1.0-phase1,2026-09-16T07:42:11+00:00
LALIGA2627_MW24_234_CAOsasuna_AtléticodeMadrid,24,CA Osasuna,Atlético de Madrid,2027-02-14T00:00:00+00:00,0.2017,0.2787,0.5197,0.2798,0.2557,0.4645,,,,False,early_week_mode,weekly_update_20260916T074211Z_77929576,0.1.0-phase1,2026-09-16T07:42:11+00:00
LALIGA2627_MW24_235_R.RacingClub_GetafeCF,24,R. Racing Club,Getafe CF,2027-02-14T00:00:00+00:00,0.5556,0.2635,0.181,0.4114,0.2672,0.3214,,,,False,early_week_mode,weekly_update_20260916T074211Z_77929576,0.1.0-phase1,2026-09-16T07:42:11+00:00
LALIGA2627_MW24_236_RealMadrid_AthleticClub,24,Real Madrid,Athletic Club,2027-02-14T00:00:00+00:00,0.7026,0.1857,0.1118,0.7022,0.1828,0.115,,,,False,early_week_mode,weekly_update_20260916T074211Z_77929576,0.1.0-phase1,2026-09-16T07:42:11+00:00
LALIGA2627_MW24_237_RealSociedad_RealBetis,24,Real Sociedad,Real Betis,2027-02-14T00:00:00+00:00,0.3716,0.3011,0.3273,0.3832,0.2478,0.369,,,,False,early_week_mode,weekly_update_20260916T074211Z_77929576,0.1.0-phase1,2026-09-16T07:42:11+00:00
LALIGA2627_MW24_238_SevillaFC_RCDEspanyoldeBarcelona,24,Sevilla FC,RCD Espanyol de Barcelona,2027-02-14T00:00:00+00:00,0.4727,0.2849,0.2424,0.4474,0.2658,0.2868,,,,False,early_week_mode,weekly_update_20260916T074211Z_77929576,0.1.0-phase1,2026-09-16T07:42:11+00:00
LALIGA2627_MW24_239_ValenciaCF_DeportivoAlavés,24,Valencia CF,Deportivo Alavés,2027-02-14T00:00:00+00:00,0.4551,0.298,0.2469,0.3997,0.2778,0.3225,,,,False,early_week_mode,weekly_update_20260916T074211Z_77929576,0.1.0-phase1,2026-09-16T07:42:11+00:00
LALIGA2627_MW24_240_VillarrealCF_FCBarcelona,24,Villarreal CF,FC Barcelona,2027-02-14T00:00:00+00:00,0.2112,0.2573,0.5316,0.2568,0.2022,0.541,,,,False,early_week_mode,weekly_update_20260916T074211Z_77929576,0.1.0-phase1,2026-09-16T07:42:11+00:00
LALIGA2627_MW25_241_DeportivoAlavés_R.RacingClub,25,Deportivo Alavés,R. Racing Club,2027-02-21T00:00:00+00:00,0.4532,0.2574,0.2895,0.6119,0.1887,0.1994,,,,False,early_week_mode,weekly_update_20260916T074211Z_77929576,0.1.0-phase1,2026-09-16T07:42:11+00:00
LALIGA2627_MW25_242_AthleticClub_CeltaVigo,25,Athletic Club,Celta Vigo,2027-02-21T00:00:00+00:00,0.4543,0.295,0.2507,0.4711,0.2625,0.2665,,,,False,early_week_mode,weekly_update_20260916T074211Z_77929576,0.1.0-phase1,2026-09-16T07:42:11+00:00
LALIGA2627_MW25_243_AtléticodeMadrid_ElcheCF,25,Atlético de Madrid,Elche CF,2027-02-21T00:00:00+00:00,0.7273,0.1688,0.1039,0.6974,0.1757,0.1269,,,,False,early_week_mode,weekly_update_20260916T074211Z_77929576,0.1.0-phase1,2026-09-16T07:42:11+00:00
LALIGA2627_MW25_244_RCDeportivo_RealSociedad,25,RC Deportivo,Real Sociedad,2027-02-21T00:00:00+00:00,0.4421,0.2765,0.2814,0.5335,0.2098,0.2567,,,,False,early_week_mode,weekly_update_20260916T074211Z_77929576,0.1.0-phase1,2026-09-16T07:42:11+00:00
LALIGA2627_MW25_245_RCDEspanyoldeBarcelona_CAOsasuna,25,RCD Espanyol de Barcelona,CA Osasuna,2027-02-21T00:00:00+00:00,0.4718,0.2965,0.2317,0.4589,0.2709,0.2701,,,,False,early_week_mode,weekly_update_20260916T074211Z_77929576,0.1.0-phase1,2026-09-16T07:42:11+00:00
LALIGA2627_MW25_246_FCBarcelona_LevanteUD,25,FC Barcelona,Levante UD,2027-02-21T00:00:00+00:00,0.8255,0.1064,0.0681,0.8629,0.0881,0.049,,,,False,early_week_mode,weekly_update_20260916T074211Z_77929576,0.1.0-phase1,2026-09-16T07:42:11+00:00
LALIGA2627_MW25_247_MálagaCF_RealBetis,25,Málaga CF,Real Betis,2027-02-21T00:00:00+00:00,0.3155,0.328,0.3566,0.1237,0.2866,0.5897,,,,False,early_week_mode,weekly_update_20260916T074211Z_77929576,0.1.0-phase1,2026-09-16T07:42:11+00:00
LALIGA2627_MW25_248_RayoVallecano_GetafeCF,25,Rayo Vallecano,Getafe CF,2027-02-21T00:00:00+00:00,0.4114,0.3344,0.2541,0.4214,0.3363,0.2423,,,,False,early_week_mode,weekly_update_20260916T074211Z_77929576,0.1.0-phase1,2026-09-16T07:42:11+00:00
LALIGA2627_MW25_249_SevillaFC_RealMadrid,25,Sevilla FC,Real Madrid,2027-02-21T00:00:00+00:00,0.1843,0.2601,0.5557,0.1894,0.2181,0.5925,,,,False,early_week_mode,weekly_update_20260916T074211Z_77929576,0.1.0-phase1,2026-09-16T07:42:11+00:00
LALIGA2627_MW25_250_VillarrealCF_ValenciaCF,25,Villarreal CF,Valencia CF,2027-02-21T00:00:00+00:00,0.5762,0.2438,0.1801,0.6481,0.1969,0.1549,,,,False,early_week_mode,weekly_update_20260916T074211Z_77929576,0.1.0-phase1,2026-09-16T07:42:11+00:00
LALIGA2627_MW26_251_AthleticClub_FCBarcelona,26,Athletic Club,FC Barcelona,2027-02-28T00:00:00+00:00,0.1656,0.2488,0.5856,0.1914,0.211,0.5976,,,,False,early_week_mode,weekly_update_20260916T074211Z_77929576,0.1.0-phase1,2026-09-16T07:42:11+00:00
LALIGA2627_MW26_252_RealBetis_VillarrealCF,26,Real Betis,Villarreal CF,2027-02-28T00:00:00+00:00,0.3946,0.2962,0.3092,0.4527,0.2335,0.3138,,,,False,early_week_mode,weekly_update_20260916T074211Z_77929576,0.1.0-phase1,2026-09-16T07:42:11+00:00
LALIGA2627_MW26_253_CeltaVigo_RCDEspanyoldeBarcelona,26,Celta Vigo,RCD Espanyol de Barcelona,2027-02-28T00:00:00+00:00,0.4801,0.283,0.2368,0.4931,0.257,0.2499,,,,False,early_week_mode,weekly_update_20260916T074211Z_77929576,0.1.0-phase1,2026-09-16T07:42:11+00:00
LALIGA2627_MW26_254_GetafeCF_DeportivoAlavés,26,Getafe CF,Deportivo Alavés,2027-02-28T00:00:00+00:00,0.4166,0.3368,0.2466,0.3686,0.332,0.2995,,,,False,early_week_mode,weekly_update_20260916T074211Z_77929576,0.1.0-phase1,2026-09-16T07:42:11+00:00
LALIGA2627_MW26_255_LevanteUD_RCDeportivo,26,Levante UD,RC Deportivo,2027-02-28T00:00:00+00:00,0.4998,0.269,0.2312,0.4222,0.2225,0.3553,,,,False,early_week_mode,weekly_update_20260916T074211Z_77929576,0.1.0-phase1,2026-09-16T07:42:11+00:00
LALIGA2627_MW26_256_MálagaCF_AtléticodeMadrid,26,Málaga CF,Atlético de Madrid,2027-02-28T00:00:00+00:00,0.2329,0.2985,0.4686,0.0958,0.251,0.6532,,,,False,early_week_mode,weekly_update_20260916T074211Z_77929576,0.1.0-phase1,2026-09-16T07:42:11+00:00
LALIGA2627_MW26_257_CAOsasuna_SevillaFC,26,CA Osasuna,Sevilla FC,2027-02-28T00:00:00+00:00,0.3547,0.3046,0.3407,0.4536,0.2628,0.2836,,,,False,early_week_mode,weekly_update_20260916T074211Z_77929576,0.1.0-phase1,2026-09-16T07:42:11+00:00
LALIGA2627_MW26_258_R.RacingClub_RayoVallecano,26,R. Racing Club,Rayo Vallecano,2027-02-28T00:00:00+00:00,0.5721,0.2422,0.1857,0.4069,0.2289,0.3642,,,,False,early_week_mode,weekly_update_20260916T074211Z_77929576,0.1.0-phase1,2026-09-16T07:42:11+00:00
LALIGA2627_MW26_259_RealMadrid_ValenciaCF,26,Real Madrid,Valencia CF,2027-02-28T00:00:00+00:00,0.738,0.1616,0.1004,0.7744,0.148,0.0776,,,,False,early_week_mode,weekly_update_20260916T074211Z_77929576,0.1.0-phase1,2026-09-16T07:42:11+00:00
LALIGA2627_MW26_260_RealSociedad_ElcheCF,26,Real Sociedad,Elche CF,2027-02-28T00:00:00+00:00,0.5577,0.2523,0.1899,0.5367,0.2233,0.2401,,,,False,early_week_mode,weekly_update_20260916T074211Z_77929576,0.1.0-phase1,2026-09-16T07:42:11+00:00
LALIGA2627_MW27_261_DeportivoAlavés_AthleticClub,27,Deportivo Alavés,Athletic Club,2027-03-07T00:00:00+00:00,0.3698,0.3244,0.3059,0.4176,0.2752,0.3072,,,,False,early_week_mode,weekly_update_20260916T074211Z_77929576,0.1.0-phase1,2026-09-16T07:42:11+00:00
LALIGA2627_MW27_262_AtléticodeMadrid_CeltaVigo,27,Atlético de Madrid,Celta Vigo,2027-03-07T00:00:00+00:00,0.6445,0.2126,0.1429,0.6177,0.2106,0.1717,,,,False,early_week_mode,weekly_update_20260916T074211Z_77929576,0.1.0-phase1,2026-09-16T07:42:11+00:00
LALIGA2627_MW27_263_RCDeportivo_GetafeCF,27,RC Deportivo,Getafe CF,2027-03-07T00:00:00+00:00,0.4752,0.297,0.2279,0.5143,0.2685,0.2172,,,,False,early_week_mode,weekly_update_20260916T074211Z_77929576,0.1.0-phase1,2026-09-16T07:42:11+00:00
LALIGA2627_MW27_264_ElcheCF_MálagaCF,27,Elche CF,Málaga CF,2027-03-07T00:00:00+00:00,0.5169,0.2799,0.2032,0.6411,0.2553,0.1035,,,,False,early_week_mode,weekly_update_20260916T074211Z_77929576,0.1.0-phase1,2026-09-16T07:42:11+00:00
LALIGA2627_MW27_265_RCDEspanyoldeBarcelona_R.RacingClub,27,RCD Espanyol de Barcelona,R. Racing Club,2027-03-07T00:00:00+00:00,0.4427,0.2577,0.2996,0.5824,0.1995,0.2181,,,,False,early_week_mode,weekly_update_20260916T074211Z_77929576,0.1.0-phase1,2026-09-16T07:42:11+00:00
LALIGA2627_MW27_266_FCBarcelona_RealBetis,27,FC Barcelona,Real Betis,2027-03-07T00:00:00+00:00,0.7433,0.1531,0.1036,0.7521,0.1459,0.102,,,,False,early_week_mode,weekly_update_20260916T074211Z_77929576,0.1.0-phase1,2026-09-16T07:42:11+00:00
LALIGA2627_MW27_267_RayoVallecano_CAOsasuna,27,Rayo Vallecano,CA Osasuna,2027-03-07T00:00:00+00:00,0.4751,0.2969,0.228,0.455,0.2763,0.2687,,,,False,early_week_mode,weekly_update_20260916T074211Z_77929576,0.1.0-phase1,2026-09-16T07:42:11+00:00
LALIGA2627_MW27_268_SevillaFC_RealSociedad,27,Sevilla FC,Real Sociedad,2027-03-07T00:00:00+00:00,0.4281,0.2969,0.275,0.4436,0.2466,0.3099,,,,False,early_week_mode,weekly_update_20260916T074211Z_77929576,0.1.0-phase1,2026-09-16T07:42:11+00:00
LALIGA2627_MW27_269_ValenciaCF_LevanteUD,27,Valencia CF,Levante UD,2027-03-07T00:00:00+00:00,0.5034,0.271,0.2255,0.4458,0.2557,0.2985,,,,False,early_week_mode,weekly_update_20260916T074211Z_77929576,0.1.0-phase1,2026-09-16T07:42:11+00:00
LALIGA2627_MW27_270_VillarrealCF_RealMadrid,27,Villarreal CF,Real Madrid,2027-03-07T00:00:00+00:00,0.2603,0.2801,0.4596,0.3127,0.2288,0.4585,,,,False,early_week_mode,weekly_update_20260916T074211Z_77929576,0.1.0-phase1,2026-09-16T07:42:11+00:00
LALIGA2627_MW28_271_DeportivoAlavés_SevillaFC,28,Deportivo Alavés,Sevilla FC,2027-03-14T00:00:00+00:00,0.3997,0.3047,0.2956,0.4879,0.2543,0.2578,,,,False,early_week_mode,weekly_update_20260916T074211Z_77929576,0.1.0-phase1,2026-09-16T07:42:11+00:00
LALIGA2627_MW28_272_AthleticClub_ValenciaCF,28,Athletic Club,Valencia CF,2027-03-14T00:00:00+00:00,0.465,0.2969,0.2381,0.5249,0.2614,0.2137,,,,False,early_week_mode,weekly_update_20260916T074211Z_77929576,0.1.0-phase1,2026-09-16T07:42:11+00:00
LALIGA2627_MW28_273_RealBetis_LevanteUD,28,Real Betis,Levante UD,2027-03-14T00:00:00+00:00,0.5932,0.2366,0.1702,0.6058,0.2084,0.1858,,,,False,early_week_mode,weekly_update_20260916T074211Z_77929576,0.1.0-phase1,2026-09-16T07:42:11+00:00
LALIGA2627_MW28_274_ElcheCF_VillarrealCF,28,Elche CF,Villarreal CF,2027-03-14T00:00:00+00:00,0.2375,0.2846,0.4779,0.3083,0.2268,0.4649,,,,False,early_week_mode,weekly_update_20260916T074211Z_77929576,0.1.0-phase1,2026-09-16T07:42:11+00:00
LALIGA2627_MW28_275_FCBarcelona_RCDeportivo,28,FC Barcelona,RC Deportivo,2027-03-14T00:00:00+00:00,0.8347,0.1019,0.0634,0.8343,0.0993,0.0664,,,,False,early_week_mode,weekly_update_20260916T074211Z_77929576,0.1.0-phase1,2026-09-16T07:42:11+00:00
LALIGA2627_MW28_276_GetafeCF_RealSociedad,28,Getafe CF,Real Sociedad,2027-03-14T00:00:00+00:00,0.3855,0.3333,0.2812,0.3822,0.3106,0.3072,,,,False,early_week_mode,weekly_update_20260916T074211Z_77929576,0.1.0-phase1,2026-09-16T07:42:11+00:00
LALIGA2627_MW28_277_MálagaCF_RayoVallecano,28,Málaga CF,Rayo Vallecano,2027-03-14T00:00:00+00:00,0.382,0.3414,0.2766,0.1698,0.3512,0.479,,,,False,early_week_mode,weekly_update_20260916T074211Z_77929576,0.1.0-phase1,2026-09-16T07:42:11+00:00
LALIGA2627_MW28_278_CAOsasuna_CeltaVigo,28,CA Osasuna,Celta Vigo,2027-03-14T00:00:00+00:00,0.3505,0.3093,0.3402,0.4096,0.2671,0.3233,,,,False,early_week_mode,weekly_update_20260916T074211Z_77929576,0.1.0-phase1,2026-09-16T07:42:11+00:00
LALIGA2627_MW28_279_R.RacingClub_AtléticodeMadrid,28,R. Racing Club,Atlético de Madrid,2027-03-14T00:00:00+00:00,0.3161,0.2756,0.4083,0.2227,0.1886,0.5887,,,,False,early_week_mode,weekly_update_20260916T074211Z_77929576,0.1.0-phase1,2026-09-16T07:42:11+00:00
LALIGA2627_MW28_280_RealMadrid_RCDEspanyoldeBarcelona,28,Real Madrid,RCD Espanyol de Barcelona,2027-03-14T00:00:00+00:00,0.7594,0.147,0.0937,0.7523,0.1584,0.0893,,,,False,early_week_mode,weekly_update_20260916T074211Z_77929576,0.1.0-phase1,2026-09-16T07:42:11+00:00
LALIGA2627_MW29_281_AtléticodeMadrid_GetafeCF,29,Atlético de Madrid,Getafe CF,2027-03-21T00:00:00+00:00,0.6362,0.2309,0.1329,0.6008,0.2573,0.1419,,,,False,early_week_mode,weekly_update_20260916T074211Z_77929576,0.1.0-phase1,2026-09-16T07:42:11+00:00
LALIGA2627_MW29_282_CeltaVigo_RealMadrid,29,Celta Vigo,Real Madrid,2027-03-21T00:00:00+00:00,0.1836,0.2484,0.568,0.2234,0.2306,0.546,,,,False,early_week_mode,weekly_update_20260916T074211Z_77929576,0.1.0-phase1,2026-09-16T07:42:11+00:00
LALIGA2627_MW29_283_RCDEspanyoldeBarcelona_AthleticClub,29,RCD Espanyol de Barcelona,Athletic Club,2027-03-21T00:00:00+00:00,0.3672,0.321,0.3118,0.3943,0.2824,0.3232,,,,False,early_week_mode,weekly_update_20260916T074211Z_77929576,0.1.0-phase1,2026-09-16T07:42:11+00:00
LALIGA2627_MW29_284_LevanteUD_CAOsasuna,29,Levante UD,CA Osasuna,2027-03-21T00:00:00+00:00,0.4439,0.2925,0.2635,0.4658,0.2489,0.2853,,,,False,early_week_mode,weekly_update_20260916T074211Z_77929576,0.1.0-phase1,2026-09-16T07:42:11+00:00
LALIGA2627_MW29_285_R.RacingClub_RealBetis,29,R. Racing Club,Real Betis,2027-03-21T00:00:00+00:00,0.4603,0.2707,0.269,0.2949,0.2079,0.4972,,,,False,early_week_mode,weekly_update_20260916T074211Z_77929576,0.1.0-phase1,2026-09-16T07:42:11+00:00
LALIGA2627_MW29_286_RayoVallecano_FCBarcelona,29,Rayo Vallecano,FC Barcelona,2027-03-21T00:00:00+00:00,0.1345,0.2092,0.6562,0.1548,0.1958,0.6495,,,,False,early_week_mode,weekly_update_20260916T074211Z_77929576,0.1.0-phase1,2026-09-16T07:42:11+00:00
LALIGA2627_MW29_287_RealSociedad_DeportivoAlavés,29,Real Sociedad,Deportivo Alavés,2027-03-21T00:00:00+00:00,0.4796,0.284,0.2363,0.4684,0.2472,0.2844,,,,False,early_week_mode,weekly_update_20260916T074211Z_77929576,0.1.0-phase1,2026-09-16T07:42:11+00:00
LALIGA2627_MW29_288_SevillaFC_ElcheCF,29,Sevilla FC,Elche CF,2027-03-21T00:00:00+00:00,0.5466,0.2567,0.1967,0.4953,0.2411,0.2636,,,,False,early_week_mode,weekly_update_20260916T074211Z_77929576,0.1.0-phase1,2026-09-16T07:42:11+00:00
LALIGA2627_MW29_289_ValenciaCF_RCDeportivo,29,Valencia CF,RC Deportivo,2027-03-21T00:00:00+00:00,0.5334,0.2609,0.2057,0.3894,0.2453,0.3653,,,,False,early_week_mode,weekly_update_20260916T074211Z_77929576,0.1.0-phase1,2026-09-16T07:42:11+00:00
LALIGA2627_MW29_290_VillarrealCF_MálagaCF,29,Villarreal CF,Málaga CF,2027-03-21T00:00:00+00:00,0.6947,0.1908,0.1145,0.7899,0.1595,0.0505,,,,False,early_week_mode,weekly_update_20260916T074211Z_77929576,0.1.0-phase1,2026-09-16T07:42:11+00:00
LALIGA2627_MW30_291_AthleticClub_R.RacingClub,30,Athletic Club,R. Racing Club,2027-04-04T00:00:00+00:00,0.5284,0.2397,0.2319,0.6424,0.1833,0.1743,,,,False,early_week_mode,weekly_update_20260916T074211Z_77929576,0.1.0-phase1,2026-09-16T07:42:11+00:00
LALIGA2627_MW30_292_RealBetis_CeltaVigo,30,Real Betis,Celta Vigo,2027-04-04T00:00:00+00:00,0.5103,0.2733,0.2164,0.5385,0.2363,0.2252,,,,False,early_week_mode,weekly_update_20260916T074211Z_77929576,0.1.0-phase1,2026-09-16T07:42:11+00:00
LALIGA2627_MW30_293_RCDeportivo_VillarrealCF,30,RC Deportivo,Villarreal CF,2027-04-04T00:00:00+00:00,0.3502,0.2797,0.3701,0.4041,0.2152,0.3807,,,,False,early_week_mode,weekly_update_20260916T074211Z_77929576,0.1.0-phase1,2026-09-16T07:42:11+00:00
LALIGA2627_MW30_294_ElcheCF_DeportivoAlavés,30,Elche CF,Deportivo Alavés,2027-04-04T00:00:00+00:00,0.3653,0.315,0.3197,0.4139,0.2557,0.3304,,,,False,early_week_mode,weekly_update_20260916T074211Z_77929576,0.1.0-phase1,2026-09-16T07:42:11+00:00
LALIGA2627_MW30_295_FCBarcelona_SevillaFC,30,FC Barcelona,Sevilla FC,2027-04-04T00:00:00+00:00,0.7793,0.1377,0.083,0.843,0.1019,0.0551,,,,False,early_week_mode,weekly_update_20260916T074211Z_77929576,0.1.0-phase1,2026-09-16T07:42:11+00:00
LALIGA2627_MW30_296_GetafeCF_RCDEspanyoldeBarcelona,30,Getafe CF,RCD Espanyol de Barcelona,2027-04-04T00:00:00+00:00,0.4191,0.3332,0.2478,0.3809,0.3371,0.282,,,,False,early_week_mode,weekly_update_20260916T074211Z_77929576,0.1.0-phase1,2026-09-16T07:42:11+00:00
LALIGA2627_MW30_297_LevanteUD_RayoVallecano,30,Levante UD,Rayo Vallecano,2027-04-04T00:00:00+00:00,0.3968,0.2992,0.3041,0.4487,0.2576,0.2937,,,,False,early_week_mode,weekly_update_20260916T074211Z_77929576,0.1.0-phase1,2026-09-16T07:42:11+00:00
LALIGA2627_MW30_298_MálagaCF_CAOsasuna,30,Málaga CF,CA Osasuna,2027-04-04T00:00:00+00:00,0.4014,0.3399,0.2587,0.1766,0.3433,0.4802,,,,False,early_week_mode,weekly_update_20260916T074211Z_77929576,0.1.0-phase1,2026-09-16T07:42:11+00:00
LALIGA2627_MW30_299_RealMadrid_AtléticodeMadrid,30,Real Madrid,Atlético de Madrid,2027-04-04T00:00:00+00:00,0.539,0.2615,0.1995,0.6001,0.2118,0.1881,,,,False,early_week_mode,weekly_update_20260916T074211Z_77929576,0.1.0-phase1,2026-09-16T07:42:11+00:00
LALIGA2627_MW30_300_RealSociedad_ValenciaCF,30,Real Sociedad,Valencia CF,2027-04-04T00:00:00+00:00,0.4541,0.2908,0.255,0.5154,0.2446,0.24,,,,False,early_week_mode,weekly_update_20260916T074211Z_77929576,0.1.0-phase1,2026-09-16T07:42:11+00:00
LALIGA2627_MW31_301_DeportivoAlavés_RealBetis,31,Deportivo Alavés,Real Betis,2027-04-11T00:00:00+00:00,0.3231,0.3162,0.3607,0.3755,0.2639,0.3606,,,,False,early_week_mode,weekly_update_20260916T074211Z_77929576,0.1.0-phase1,2026-09-16T07:42:11+00:00
LALIGA2627_MW31_302_AtléticodeMadrid_LevanteUD,31,Atlético de Madrid,Levante UD,2027-04-11T00:00:00+00:00,0.7128,0.173,0.1142,0.6851,0.1787,0.1363,,,,False,early_week_mode,weekly_update_20260916T074211Z_77929576,0.1.0-phase1,2026-09-16T07:42:11+00:00
LALIGA2627_MW31_303_CeltaVigo_ElcheCF,31,Celta Vigo,Elche CF,2027-04-11T00:00:00+00:00,0.5539,0.2558,0.1903,0.5441,0.2299,0.226,,,,False,early_week_mode,weekly_update_20260916T074211Z_77929576,0.1.0-phase1,2026-09-16T07:42:11+00:00
LALIGA2627_MW31_304_RCDEspanyoldeBarcelona_MálagaCF,31,RCD Espanyol de Barcelona,Málaga CF,2027-04-11T00:00:00+00:00,0.5587,0.2701,0.1712,0.6327,0.2726,0.0947,,,,False,early_week_mode,weekly_update_20260916T074211Z_77929576,0.1.0-phase1,2026-09-16T07:42:11+00:00
LALIGA2627_MW31_305_CAOsasuna_RealMadrid,31,CA Osasuna,Real Madrid,2027-04-11T00:00:00+00:00,0.1468,0.2292,0.624,0.1882,0.2249,0.587,,,,False,early_week_mode,weekly_update_20260916T074211Z_77929576,0.1.0-phase1,2026-09-16T07:42:11+00:00
LALIGA2627_MW31_306_R.RacingClub_FCBarcelona,31,R. Racing Club,FC Barcelona,2027-04-11T00:00:00+00:00,0.1921,0.2142,0.5937,0.0875,0.1073,0.8052,,,,False,early_week_mode,weekly_update_20260916T074211Z_77929576,0.1.0-phase1,2026-09-16T07:42:11+00:00
LALIGA2627_MW31_307_RayoVallecano_RealSociedad,31,Rayo Vallecano,Real Sociedad,2027-04-11T00:00:00+00:00,0.3947,0.3055,0.2998,0.4411,0.2598,0.2991,,,,False,early_week_mode,weekly_update_20260916T074211Z_77929576,0.1.0-phase1,2026-09-16T07:42:11+00:00
LALIGA2627_MW31_308_SevillaFC_RCDeportivo,31,Sevilla FC,RC Deportivo,2027-04-11T00:00:00+00:00,0.5678,0.2446,0.1876,0.4207,0.2336,0.3457,,,,False,early_week_mode,weekly_update_20260916T074211Z_77929576,0.1.0-phase1,2026-09-16T07:42:11+00:00
LALIGA2627_MW31_309_ValenciaCF_GetafeCF,31,Valencia CF,Getafe CF,2027-04-11T00:00:00+00:00,0.4309,0.326,0.2431,0.3989,0.3375,0.2636,,,,False,early_week_mode,weekly_update_20260916T074211Z_77929576,0.1.0-phase1,2026-09-16T07:42:11+00:00
LALIGA2627_MW31_310_VillarrealCF_AthleticClub,31,Villarreal CF,Athletic Club,2027-04-11T00:00:00+00:00,0.5303,0.2692,0.2005,0.5605,0.224,0.2156,,,,False,early_week_mode,weekly_update_20260916T074211Z_77929576,0.1.0-phase1,2026-09-16T07:42:11+00:00
LALIGA2627_MW32_311_DeportivoAlavés_RayoVallecano,32,Deportivo Alavés,Rayo Vallecano,2027-04-18T00:00:00+00:00,0.4226,0.3101,0.2673,0.4665,0.2715,0.262,,,,False,early_week_mode,weekly_update_20260916T074211Z_77929576,0.1.0-phase1,2026-09-16T07:42:11+00:00
LALIGA2627_MW32_312_AtléticodeMadrid_SevillaFC,32,Atlético de Madrid,Sevilla FC,2027-04-18T00:00:00+00:00,0.6442,0.2174,0.1384,0.662,0.1949,0.1431,,,,False,early_week_mode,weekly_update_20260916T074211Z_77929576,0.1.0-phase1,2026-09-16T07:42:11+00:00
LALIGA2627_MW32_313_RealBetis_AthleticClub,32,Real Betis,Athletic Club,2027-04-18T00:00:00+00:00,0.48,0.2935,0.2264,0.5091,0.2529,0.238,,,,False,early_week_mode,weekly_update_20260916T074211Z_77929576,0.1.0-phase1,2026-09-16T07:42:11+00:00
LALIGA2627_MW32_314_RCDeportivo_CeltaVigo,32,RC Deportivo,Celta Vigo,2027-04-18T00:00:00+00:00,0.4548,0.2776,0.2676,0.5035,0.2234,0.2732,,,,False,early_week_mode,weekly_update_20260916T074211Z_77929576,0.1.0-phase1,2026-09-16T07:42:11+00:00
LALIGA2627_MW32_315_ElcheCF_CAOsasuna,32,Elche CF,CA Osasuna,2027-04-18T00:00:00+00:00,0.4083,0.3063,0.2854,0.4441,0.2554,0.3005,,,,False,early_week_mode,weekly_update_20260916T074211Z_77929576,0.1.0-phase1,2026-09-16T07:42:11+00:00
LALIGA2627_MW32_316_FCBarcelona_RCDEspanyoldeBarcelona,32,FC Barcelona,RCD Espanyol de Barcelona,2027-04-18T00:00:00+00:00,0.8018,0.1222,0.076,0.8251,0.114,0.0609,,,,False,early_week_mode,weekly_update_20260916T074211Z_77929576,0.1.0-phase1,2026-09-16T07:42:11+00:00
LALIGA2627_MW32_317_GetafeCF_RealMadrid,32,Getafe CF,Real Madrid,2027-04-18T00:00:00+00:00,0.1766,0.2702,0.5531,0.1799,0.2793,0.5408,,,,False,early_week_mode,weekly_update_20260916T074211Z_77929576,0.1.0-phase1,2026-09-16T07:42:11+00:00
LALIGA2627_MW32_318_LevanteUD_VillarrealCF,32,Levante UD,Villarreal CF,2027-04-18T00:00:00+00:00,0.2595,0.2854,0.4551,0.3274,0.2255,0.4471,,,,False,early_week_mode,weekly_update_20260916T074211Z_77929576,0.1.0-phase1,2026-09-16T07:42:11+00:00
LALIGA2627_MW32_319_MálagaCF_ValenciaCF,32,Málaga CF,Valencia CF,2027-04-18T00:00:00+00:00,0.3576,0.346,0.2964,0.1856,0.3559,0.4585,,,,False,early_week_mode,weekly_update_20260916T074211Z_77929576,0.1.0-phase1,2026-09-16T07:42:11+00:00
LALIGA2627_MW32_320_RealSociedad_R.RacingClub,32,Real Sociedad,R. Racing Club,2027-04-18T00:00:00+00:00,0.5132,0.2382,0.2486,0.6289,0.1749,0.1962,,,,False,early_week_mode,weekly_update_20260916T074211Z_77929576,0.1.0-phase1,2026-09-16T07:42:11+00:00
LALIGA2627_MW33_321_AthleticClub_RCDeportivo,33,Athletic Club,RC Deportivo,2027-04-21T00:00:00+00:00,0.5782,0.2464,0.1754,0.4812,0.2361,0.2827,,,,False,early_week_mode,weekly_update_20260916T074211Z_77929576,0.1.0-phase1,2026-09-16T07:42:11+00:00
LALIGA2627_MW33_322_CeltaVigo_FCBarcelona,33,Celta Vigo,FC Barcelona,2027-04-21T00:00:00+00:00,0.1479,0.219,0.6331,0.1767,0.1938,0.6295,,,,False,early_week_mode,weekly_update_20260916T074211Z_77929576,0.1.0-phase1,2026-09-16T07:42:11+00:00
LALIGA2627_MW33_323_RCDEspanyoldeBarcelona_RealSociedad,33,RCD Espanyol de Barcelona,Real Sociedad,2027-04-21T00:00:00+00:00,0.3895,0.3061,0.3044,0.4444,0.255,0.3006,,,,False,early_week_mode,weekly_update_20260916T074211Z_77929576,0.1.0-phase1,2026-09-16T07:42:11+00:00
LALIGA2627_MW33_324_GetafeCF_RealBetis,33,Getafe CF,Real Betis,2027-04-21T00:00:00+00:00,0.324,0.3385,0.3375,0.3063,0.3227,0.371,,,,False,early_week_mode,weekly_update_20260916T074211Z_77929576,0.1.0-phase1,2026-09-16T07:42:11+00:00
LALIGA2627_MW33_325_CAOsasuna_DeportivoAlavés,33,CA Osasuna,Deportivo Alavés,2027-04-21T00:00:00+00:00,0.386,0.3144,0.2996,0.4221,0.2712,0.3068,,,,False,early_week_mode,weekly_update_20260916T074211Z_77929576,0.1.0-phase1,2026-09-16T07:42:11+00:00
LALIGA2627_MW33_326_R.RacingClub_MálagaCF,33,R. Racing Club,Málaga CF,2027-04-21T00:00:00+00:00,0.6531,0.212,0.1349,0.6697,0.2154,0.1149,,,,False,early_week_mode,weekly_update_20260916T074211Z_77929576,0.1.0-phase1,2026-09-16T07:42:11+00:00
LALIGA2627_MW33_327_RealMadrid_ElcheCF,33,Real Madrid,Elche CF,2027-04-21T00:00:00+00:00,0.7987,0.1238,0.0775,0.8043,0.1251,0.0706,,,,False,early_week_mode,weekly_update_20260916T074211Z_77929576,0.1.0-phase1,2026-09-16T07:42:11+00:00
LALIGA2627_MW33_328_SevillaFC_LevanteUD,33,Sevilla FC,Levante UD,2027-04-21T00:00:00+00:00,0.5217,0.2595,0.2189,0.4796,0.2405,0.2798,,,,False,early_week_mode,weekly_update_20260916T074211Z_77929576,0.1.0-phase1,2026-09-16T07:42:11+00:00
LALIGA2627_MW33_329_ValenciaCF_RayoVallecano,33,Valencia CF,Rayo Vallecano,2027-04-21T00:00:00+00:00,0.4518,0.2953,0.2529,0.4115,0.2871,0.3015,,,,False,early_week_mode,weekly_update_20260916T074211Z_77929576,0.1.0-phase1,2026-09-16T07:42:11+00:00
LALIGA2627_MW33_330_VillarrealCF_AtléticodeMadrid,33,Villarreal CF,Atlético de Madrid,2027-04-21T00:00:00+00:00,0.3483,0.302,0.3498,0.4371,0.2324,0.3305,,,,False,early_week_mode,weekly_update_20260916T074211Z_77929576,0.1.0-phase1,2026-09-16T07:42:11+00:00
LALIGA2627_MW34_331_AtléticodeMadrid_DeportivoAlavés,34,Atlético de Madrid,Deportivo Alavés,2027-05-02T00:00:00+00:00,0.6668,0.203,0.1302,0.6278,0.2104,0.1618,,,,False,early_week_mode,weekly_update_20260916T074211Z_77929576,0.1.0-phase1,2026-09-16T07:42:11+00:00
LALIGA2627_MW34_332_RealBetis_ValenciaCF,34,Real Betis,Valencia CF,2027-05-02T00:00:00+00:00,0.5209,0.2719,0.2072,0.5931,0.2297,0.1773,,,,False,early_week_mode,weekly_update_20260916T074211Z_77929576,0.1.0-phase1,2026-09-16T07:42:11+00:00
LALIGA2627_MW34_333_CeltaVigo_SevillaFC,34,Celta Vigo,Sevilla FC,2027-05-02T00:00:00+00:00,0.4401,0.2878,0.2721,0.5102,0.2452,0.2446,,,,False,early_week_mode,weekly_update_20260916T074211Z_77929576,0.1.0-phase1,2026-09-16T07:42:11+00:00
LALIGA2627_MW34_334_RCDeportivo_R.RacingClub,34,RC Deportivo,R. Racing Club,2027-05-02T00:00:00+00:00,0.438,0.2401,0.3219,0.6856,0.1502,0.1642,,,,False,early_week_mode,weekly_update_20260916T074211Z_77929576,0.1.0-phase1,2026-09-16T07:42:11+00:00
LALIGA2627_MW34_335_ElcheCF_RCDEspanyoldeBarcelona,34,Elche CF,RCD Espanyol de Barcelona,2027-05-02T00:00:00+00:00,0.3655,0.3108,0.3237,0.4316,0.2589,0.3095,,,,False,early_week_mode,weekly_update_20260916T074211Z_77929576,0.1.0-phase1,2026-09-16T07:42:11+00:00
LALIGA2627_MW34_336_FCBarcelona_CAOsasuna,34,FC Barcelona,CA Osasuna,2027-05-02T00:00:00+00:00,0.8169,0.1148,0.0684,0.8359,0.1076,0.0566,,,,False,early_week_mode,weekly_update_20260916T074211Z_77929576,0.1.0-phase1,2026-09-16T07:42:11+00:00
LALIGA2627_MW34_337_LevanteUD_RealMadrid,34,Levante UD,Real Madrid,2027-05-02T00:00:00+00:00,0.1447,0.2181,0.6372,0.1833,0.2027,0.614,,,,False,early_week_mode,weekly_update_20260916T074211Z_77929576,0.1.0-phase1,2026-09-16T07:42:11+00:00
LALIGA2627_MW34_338_MálagaCF_GetafeCF,34,Málaga CF,Getafe CF,2027-05-02T00:00:00+00:00,0.371,0.3766,0.2524,0.1703,0.4303,0.3994,,,,False,early_week_mode,weekly_update_20260916T074211Z_77929576,0.1.0-phase1,2026-09-16T07:42:11+00:00
LALIGA2627_MW34_339_RayoVallecano_VillarrealCF,34,Rayo Vallecano,Villarreal CF,2027-05-02T00:00:00+00:00,0.2885,0.3012,0.4103,0.333,0.2518,0.4152,,,,False,early_week_mode,weekly_update_20260916T074211Z_77929576,0.1.0-phase1,2026-09-16T07:42:11+00:00
LALIGA2627_MW34_340_RealSociedad_AthleticClub,34,Real Sociedad,Athletic Club,2027-05-02T00:00:00+00:00,0.4127,0.3094,0.278,0.4289,0.2579,0.3131,,,,False,early_week_mode,weekly_update_20260916T074211Z_77929576,0.1.0-phase1,2026-09-16T07:42:11+00:00
LALIGA2627_MW35_341_DeportivoAlavés_LevanteUD,35,Deportivo Alavés,Levante UD,2027-05-09T00:00:00+00:00,0.4738,0.2864,0.2399,0.506,0.2395,0.2546,,,,False,early_week_mode,weekly_update_20260916T074211Z_77929576,0.1.0-phase1,2026-09-16T07:42:11+00:00
LALIGA2627_MW35_342_AthleticClub_MálagaCF,35,Athletic Club,Málaga CF,2027-05-09T00:00:00+00:00,0.6186,0.2426,0.1388,0.6716,0.2503,0.0781,,,,False,early_week_mode,weekly_update_20260916T074211Z_77929576,0.1.0-phase1,2026-09-16T07:42:11+00:00
LALIGA2627_MW35_343_RealBetis_RCDEspanyoldeBarcelona,35,Real Betis,RCD Espanyol de Barcelona,2027-05-09T00:00:00+00:00,0.5509,0.2619,0.1871,0.5653,0.2368,0.1979,,,,False,early_week_mode,weekly_update_20260916T074211Z_77929576,0.1.0-phase1,2026-09-16T07:42:11+00:00
LALIGA2627_MW35_344_GetafeCF_ElcheCF,35,Getafe CF,Elche CF,2027-05-09T00:00:00+00:00,0.4862,0.3095,0.2044,0.4236,0.3085,0.2679,,,,False,early_week_mode,weekly_update_20260916T074211Z_77929576,0.1.0-phase1,2026-09-16T07:42:11+00:00
LALIGA2627_MW35_345_CAOsasuna_RealSociedad,35,CA Osasuna,Real Sociedad,2027-05-09T00:00:00+00:00,0.3483,0.3078,0.3439,0.435,0.254,0.3109,,,,False,early_week_mode,weekly_update_20260916T074211Z_77929576,0.1.0-phase1,2026-09-16T07:42:11+00:00
LALIGA2627_MW35_346_R.RacingClub_SevillaFC,35,R. Racing Club,Sevilla FC,2027-05-09T00:00:00+00:00,0.505,0.2625,0.2325,0.4233,0.2168,0.3599,,,,False,early_week_mode,weekly_update_20260916T074211Z_77929576,0.1.0-phase1,2026-09-16T07:42:11+00:00
LALIGA2627_MW35_347_RayoVallecano_RCDeportivo,35,Rayo Vallecano,RC Deportivo,2027-05-09T00:00:00+00:00,0.505,0.2769,0.2182,0.4207,0.246,0.3332,,,,False,early_week_mode,weekly_update_20260916T074211Z_77929576,0.1.0-phase1,2026-09-16T07:42:11+00:00
LALIGA2627_MW35_348_RealMadrid_FCBarcelona,35,Real Madrid,FC Barcelona,2027-05-09T00:00:00+00:00,0.3699,0.285,0.3451,0.4258,0.2287,0.3455,,,,False,early_week_mode,weekly_update_20260916T074211Z_77929576,0.1.0-phase1,2026-09-16T07:42:11+00:00
LALIGA2627_MW35_349_ValenciaCF_AtléticodeMadrid,35,Valencia CF,Atlético de Madrid,2027-05-09T00:00:00+00:00,0.2413,0.3024,0.4564,0.2623,0.257,0.4808,,,,False,early_week_mode,weekly_update_20260916T074211Z_77929576,0.1.0-phase1,2026-09-16T07:42:11+00:00
LALIGA2627_MW35_350_VillarrealCF_CeltaVigo,35,Villarreal CF,Celta Vigo,2027-05-09T00:00:00+00:00,0.5678,0.2436,0.1886,0.5916,0.2075,0.201,,,,False,early_week_mode,weekly_update_20260916T074211Z_77929576,0.1.0-phase1,2026-09-16T07:42:11+00:00
LALIGA2627_MW36_351_AtléticodeMadrid_RayoVallecano,36,Atlético de Madrid,Rayo Vallecano,2027-05-16T00:00:00+00:00,0.669,0.199,0.132,0.6348,0.214,0.1511,,,,False,early_week_mode,weekly_update_20260916T074211Z_77929576,0.1.0-phase1,2026-09-16T07:42:11+00:00
LALIGA2627_MW36_352_RCDeportivo_DeportivoAlavés,36,RC Deportivo,Deportivo Alavés,2027-05-16T00:00:00+00:00,0.4753,0.2818,0.2429,0.5176,0.2248,0.2576,,,,False,early_week_mode,weekly_update_20260916T074211Z_77929576,0.1.0-phase1,2026-09-16T07:42:11+00:00
LALIGA2627_MW36_353_ElcheCF_AthleticClub,36,Elche CF,Athletic Club,2027-05-16T00:00:00+00:00,0.3093,0.3147,0.376,0.3769,0.2636,0.3596,,,,False,early_week_mode,weekly_update_20260916T074211Z_77929576,0.1.0-phase1,2026-09-16T07:42:11+00:00
LALIGA2627_MW36_354_RCDEspanyoldeBarcelona_ValenciaCF,36,RCD Espanyol de Barcelona,Valencia CF,2027-05-16T00:00:00+00:00,0.4022,0.3078,0.29,0.474,0.2725,0.2536,,,,False,early_week_mode,weekly_update_20260916T074211Z_77929576,0.1.0-phase1,2026-09-16T07:42:11+00:00
LALIGA2627_MW36_355_LevanteUD_GetafeCF,36,Levante UD,Getafe CF,2027-05-16T00:00:00+00:00,0.3852,0.3237,0.2911,0.4383,0.3016,0.2601,,,,False,early_week_mode,weekly_update_20260916T074211Z_77929576,0.1.0-phase1,2026-09-16T07:42:11+00:00
LALIGA2627_MW36_356_MálagaCF_CeltaVigo,36,Málaga CF,Celta Vigo,2027-05-16T00:00:00+00:00,0.3585,0.3345,0.3071,0.1543,0.3155,0.5302,,,,False,early_week_mode,weekly_update_20260916T074211Z_77929576,0.1.0-phase1,2026-09-16T07:42:11+00:00
LALIGA2627_MW36_357_CAOsasuna_RealBetis,36,CA Osasuna,Real Betis,2027-05-16T00:00:00+00:00,0.2929,0.3088,0.3983,0.3442,0.2663,0.3895,,,,False,early_week_mode,weekly_update_20260916T074211Z_77929576,0.1.0-phase1,2026-09-16T07:42:11+00:00
LALIGA2627_MW36_358_RealMadrid_R.RacingClub,36,Real Madrid,R. Racing Club,2027-05-16T00:00:00+00:00,0.7812,0.1245,0.0943,0.8847,0.0731,0.0422,,,,False,early_week_mode,weekly_update_20260916T074211Z_77929576,0.1.0-phase1,2026-09-16T07:42:11+00:00
LALIGA2627_MW36_359_RealSociedad_FCBarcelona,36,Real Sociedad,FC Barcelona,2027-05-16T00:00:00+00:00,0.1513,0.2291,0.6196,0.1611,0.1769,0.6621,,,,False,early_week_mode,weekly_update_20260916T074211Z_77929576,0.1.0-phase1,2026-09-16T07:42:11+00:00
LALIGA2627_MW36_360_SevillaFC_VillarrealCF,36,Sevilla FC,Villarreal CF,2027-05-16T00:00:00+00:00,0.3225,0.3041,0.3734,0.3295,0.2377,0.4328,,,,False,early_week_mode,weekly_update_20260916T074211Z_77929576,0.1.0-phase1,2026-09-16T07:42:11+00:00
LALIGA2627_MW37_361_DeportivoAlavés_RealMadrid,37,Deportivo Alavés,Real Madrid,2027-05-23T00:00:00+00:00,0.1674,0.2451,0.5875,0.2108,0.2315,0.5577,,,,False,early_week_mode,weekly_update_20260916T074211Z_77929576,0.1.0-phase1,2026-09-16T07:42:11+00:00
LALIGA2627_MW37_362_AtléticodeMadrid_AthleticClub,37,Atlético de Madrid,Athletic Club,2027-05-23T00:00:00+00:00,0.6074,0.2429,0.1497,0.5862,0.229,0.1849,,,,False,early_week_mode,weekly_update_20260916T074211Z_77929576,0.1.0-phase1,2026-09-16T07:42:11+00:00
LALIGA2627_MW37_363_CeltaVigo_RealSociedad,37,Celta Vigo,Real Sociedad,2027-05-23T00:00:00+00:00,0.4361,0.2906,0.2733,0.4923,0.2388,0.2688,,,,False,early_week_mode,weekly_update_20260916T074211Z_77929576,0.1.0-phase1,2026-09-16T07:42:11+00:00
LALIGA2627_MW37_364_RCDeportivo_RCDEspanyoldeBarcelona,37,RC Deportivo,RCD Espanyol de Barcelona,2027-05-23T00:00:00+00:00,0.486,0.2756,0.2384,0.5359,0.2247,0.2394,,,,False,early_week_mode,weekly_update_20260916T074211Z_77929576,0.1.0-phase1,2026-09-16T07:42:11+00:00
LALIGA2627_MW37_365_FCBarcelona_MálagaCF,37,FC Barcelona,Málaga CF,2027-05-23T00:00:00+00:00,0.8366,0.1045,0.0589,0.9146,0.0703,0.0152,,,,False,early_week_mode,weekly_update_20260916T074211Z_77929576,0.1.0-phase1,2026-09-16T07:42:11+00:00
LALIGA2627_MW37_366_R.RacingClub_LevanteUD,37,R. Racing Club,Levante UD,2027-05-23T00:00:00+00:00,0.5937,0.2279,0.1784,0.4364,0.2061,0.3575,,,,False,early_week_mode,weekly_update_20260916T074211Z_77929576,0.1.0-phase1,2026-09-16T07:42:11+00:00
LALIGA2627_MW37_367_RayoVallecano_RealBetis,37,Rayo Vallecano,Real Betis,2027-05-23T00:00:00+00:00,0.3252,0.3123,0.3625,0.3513,0.274,0.3748,,,,False,early_week_mode,weekly_update_20260916T074211Z_77929576,0.1.0-phase1,2026-09-16T07:42:11+00:00
LALIGA2627_MW37_368_SevillaFC_GetafeCF,37,Sevilla FC,Getafe CF,2027-05-23T00:00:00+00:00,0.446,0.3145,0.2395,0.4296,0.318,0.2524,,,,False,early_week_mode,weekly_update_20260916T074211Z_77929576,0.1.0-phase1,2026-09-16T07:42:11+00:00
LALIGA2627_MW37_369_ValenciaCF_ElcheCF,37,Valencia CF,Elche CF,2027-05-23T00:00:00+00:00,0.5312,0.2685,0.2003,0.4608,0.2572,0.2819,,,,False,early_week_mode,weekly_update_20260916T074211Z_77929576,0.1.0-phase1,2026-09-16T07:42:11+00:00
LALIGA2627_MW37_370_VillarrealCF_CAOsasuna,37,Villarreal CF,CA Osasuna,2027-05-23T00:00:00+00:00,0.638,0.2173,0.1447,0.6334,0.1994,0.1671,,,,False,early_week_mode,weekly_update_20260916T074211Z_77929576,0.1.0-phase1,2026-09-16T07:42:11+00:00
LALIGA2627_MW38_371_AthleticClub_RayoVallecano,38,Athletic Club,Rayo Vallecano,2027-05-30T00:00:00+00:00,0.4859,0.2863,0.2277,0.4923,0.272,0.2357,,,,False,early_week_mode,weekly_update_20260916T074211Z_77929576,0.1.0-phase1,2026-09-16T07:42:11+00:00
LALIGA2627_MW38_372_RealBetis_AtléticodeMadrid,38,Real Betis,Atlético de Madrid,2027-05-30T00:00:00+00:00,0.3101,0.3029,0.387,0.3945,0.2532,0.3523,,,,False,early_week_mode,weekly_update_20260916T074211Z_77929576,0.1.0-phase1,2026-09-16T07:42:11+00:00
LALIGA2627_MW38_373_ElcheCF_R.RacingClub,38,Elche CF,R. Racing Club,2027-05-30T00:00:00+00:00,0.3911,0.2574,0.3514,0.5644,0.1919,0.2437,,,,False,early_week_mode,weekly_update_20260916T074211Z_77929576,0.1.0-phase1,2026-09-16T07:42:11+00:00
LALIGA2627_MW38_374_RCDEspanyoldeBarcelona_DeportivoAlavés,38,RCD Espanyol de Barcelona,Deportivo Alavés,2027-05-30T00:00:00+00:00,0.4282,0.3088,0.263,0.4307,0.2724,0.2969,,,,False,early_week_mode,weekly_update_20260916T074211Z_77929576,0.1.0-phase1,2026-09-16T07:42:11+00:00
LALIGA2627_MW38_375_GetafeCF_FCBarcelona,38,Getafe CF,FC Barcelona,2027-05-30T00:00:00+00:00,0.1453,0.2373,0.6174,0.1464,0.2343,0.6193,,,,False,early_week_mode,weekly_update_20260916T074211Z_77929576,0.1.0-phase1,2026-09-16T07:42:11+00:00
LALIGA2627_MW38_376_LevanteUD_CeltaVigo,38,Levante UD,Celta Vigo,2027-05-30T00:00:00+00:00,0.3616,0.2987,0.3397,0.4211,0.2467,0.3322,,,,False,early_week_mode,weekly_update_20260916T074211Z_77929576,0.1.0-phase1,2026-09-16T07:42:11+00:00
LALIGA2627_MW38_377_MálagaCF_SevillaFC,38,Málaga CF,Sevilla FC,2027-05-30T00:00:00+00:00,0.3354,0.3378,0.3267,0.1762,0.331,0.4928,,,,False,early_week_mode,weekly_update_20260916T074211Z_77929576,0.1.0-phase1,2026-09-16T07:42:11+00:00
LALIGA2627_MW38_378_CAOsasuna_ValenciaCF,38,CA Osasuna,Valencia CF,2027-05-30T00:00:00+00:00,0.3623,0.3105,0.3272,0.4658,0.272,0.2623,,,,False,early_week_mode,weekly_update_20260916T074211Z_77929576,0.1.0-phase1,2026-09-16T07:42:11+00:00
LALIGA2627_MW38_379_RealMadrid_RCDeportivo,38,Real Madrid,RC Deportivo,2027-05-30T00:00:00+00:00,0.8,0.1221,0.0779,0.7601,0.1396,0.1003,,,,False,early_week_mode,weekly_update_20260916T074211Z_77929576,0.1.0-phase1,2026-09-16T07:42:11+00:00
LALIGA2627_MW38_380_RealSociedad_VillarrealCF,38,Real Sociedad,Villarreal CF,2027-05-30T00:00:00+00:00,0.3276,0.302,0.3704,0.3619,0.229,0.4092,,,,False,early_week_mode,weekly_update_20260916T074211Z_77929576,0.1.0-phase1,2026-09-16T07:42:11+00:00
