match_id,matchweek,home_team,away_team,kickoff_utc,home_win_prob,draw_prob,away_win_prob,dc_raw_home_win_prob,dc_raw_draw_prob,dc_raw_away_win_prob,market_home_win_prob,market_draw_prob,market_away_win_prob,market_available,prediction_mode,run_id,model_version,generated_at
SERIEA2627_MW05_046_Monza_Sassuolo,5,Monza,Sassuolo,2026-09-18T18:45:00+00:00,0.2601,0.2875,0.4523,0.1594,0.1869,0.6537,0.3159,0.2762,0.4079,True,early_week_mode,weekly_update_20260916T191156Z_1c8b4c4f,0.1.0-phase1,2026-09-16T19:11:56+00:00
SERIEA2627_MW05_049_Udinese_Cagliari,5,Udinese,Cagliari,2026-09-19T13:00:00+00:00,0.427,0.2978,0.2752,0.4226,0.2676,0.3097,0.4257,0.2933,0.281,True,early_week_mode,weekly_update_20260916T191156Z_1c8b4c4f,0.1.0-phase1,2026-09-16T19:11:56+00:00
SERIEA2627_MW05_041_Bologna_Torino,5,Bologna,Torino,2026-09-19T13:00:00+00:00,0.4655,0.2821,0.2524,0.488,0.2576,0.2544,0.4896,0.2714,0.2389,True,early_week_mode,weekly_update_20260916T191156Z_1c8b4c4f,0.1.0-phase1,2026-09-16T19:11:56+00:00
SERIEA2627_MW05_048_Roma_Internazionale,5,Roma,Internazionale,2026-09-19T16:00:00+00:00,0.341,0.278,0.381,0.3634,0.2457,0.3908,,,,False,early_week_mode,weekly_update_20260916T191156Z_1c8b4c4f,0.1.0-phase1,2026-09-16T19:11:56+00:00
SERIEA2627_MW05_050_Venezia_Lazio,5,Venezia,Lazio,2026-09-19T18:45:00+00:00,0.2003,0.2542,0.5454,0.1102,0.1869,0.7029,0.261,0.2666,0.4725,True,early_week_mode,weekly_update_20260916T191156Z_1c8b4c4f,0.1.0-phase1,2026-09-16T19:11:56+00:00
SERIEA2627_MW05_042_Fiorentina_Napoli,5,Fiorentina,Napoli,2026-09-20T10:30:00+00:00,0.2552,0.2594,0.4854,0.2334,0.2507,0.516,0.2938,0.278,0.4282,True,early_week_mode,weekly_update_20260916T191156Z_1c8b4c4f,0.1.0-phase1,2026-09-16T19:11:56+00:00
SERIEA2627_MW05_047_Parma_Genoa,5,Parma,Genoa,2026-09-20T13:00:00+00:00,0.3348,0.3167,0.3485,0.3191,0.3178,0.363,0.3068,0.3131,0.38,True,early_week_mode,weekly_update_20260916T191156Z_1c8b4c4f,0.1.0-phase1,2026-09-16T19:11:56+00:00
SERIEA2627_MW05_043_Frosinone_Como,5,Frosinone,Como,2026-09-20T13:00:00+00:00,0.1589,0.2306,0.6105,0.1505,0.1962,0.6534,0.1588,0.2145,0.6267,True,early_week_mode,weekly_update_20260916T191156Z_1c8b4c4f,0.1.0-phase1,2026-09-16T19:11:56+00:00
SERIEA2627_MW05_044_Juventus_Atalanta,5,Juventus,Atalanta,2026-09-20T16:00:00+00:00,0.4612,0.2979,0.2409,0.4068,0.2769,0.3163,,,,False,early_week_mode,weekly_update_20260916T191156Z_1c8b4c4f,0.1.0-phase1,2026-09-16T19:11:56+00:00
SERIEA2627_MW05_045_Milan_Lecce,5,Milan,Lecce,2026-09-20T18:45:00+00:00,0.6361,0.2425,0.1214,0.632,0.2317,0.1363,,,,False,early_week_mode,weekly_update_20260916T191156Z_1c8b4c4f,0.1.0-phase1,2026-09-16T19:11:56+00:00
SERIEA2627_MW06_054_Genoa_Fiorentina,6,Genoa,Fiorentina,2026-10-10T13:00:00+00:00,0.3176,0.2853,0.3971,0.3356,0.2735,0.3909,0.3148,0.2845,0.4007,True,early_week_mode,weekly_update_20260916T191156Z_1c8b4c4f,0.1.0-phase1,2026-09-16T19:11:56+00:00
SERIEA2627_MW06_055_Internazionale_Parma,6,Internazionale,Parma,2026-10-10T16:00:00+00:00,0.744,0.1741,0.0819,0.7687,0.1526,0.0787,,,,False,early_week_mode,weekly_update_20260916T191156Z_1c8b4c4f,0.1.0-phase1,2026-09-16T19:11:56+00:00
SERIEA2627_MW06_058_Napoli_Frosinone,6,Napoli,Frosinone,2026-10-10T18:45:00+00:00,0.6571,0.2218,0.1212,0.6652,0.1965,0.1383,0.663,0.2023,0.1347,True,early_week_mode,weekly_update_20260916T191156Z_1c8b4c4f,0.1.0-phase1,2026-09-16T19:11:56+00:00
SERIEA2627_MW06_053_Como_Roma,6,Como,Roma,2026-10-11T10:30:00+00:00,0.3586,0.2951,0.3463,0.3553,0.2733,0.3714,,,,False,early_week_mode,weekly_update_20260916T191156Z_1c8b4c4f,0.1.0-phase1,2026-09-16T19:11:56+00:00
SERIEA2627_MW06_057_Lecce_Bologna,6,Lecce,Bologna,2026-10-11T13:00:00+00:00,0.2674,0.2792,0.4533,0.2235,0.2828,0.4937,0.2578,0.2829,0.4592,True,early_week_mode,weekly_update_20260916T191156Z_1c8b4c4f,0.1.0-phase1,2026-09-16T19:11:56+00:00
SERIEA2627_MW06_056_Lazio_Monza,6,Lazio,Monza,2026-10-11T13:00:00+00:00,0.6047,0.2453,0.1499,0.7419,0.1631,0.095,0.5486,0.257,0.1945,True,early_week_mode,weekly_update_20260916T191156Z_1c8b4c4f,0.1.0-phase1,2026-09-16T19:11:56+00:00
SERIEA2627_MW06_059_Sassuolo_Milan,6,Sassuolo,Milan,2026-10-11T16:00:00+00:00,0.256,0.2501,0.494,0.2682,0.2419,0.4899,,,,False,early_week_mode,weekly_update_20260916T191156Z_1c8b4c4f,0.1.0-phase1,2026-09-16T19:11:56+00:00
SERIEA2627_MW06_052_Cagliari_Juventus,6,Cagliari,Juventus,2026-10-11T18:45:00+00:00,0.1728,0.219,0.6082,0.2035,0.2579,0.5386,0.1504,0.2214,0.6281,True,early_week_mode,weekly_update_20260916T191156Z_1c8b4c4f,0.1.0-phase1,2026-09-16T19:11:56+00:00
SERIEA2627_MW06_051_Atalanta_Venezia,6,Atalanta,Venezia,2026-10-12T16:30:00+00:00,0.6909,0.2082,0.1009,0.8266,0.1186,0.0548,,,,False,early_week_mode,weekly_update_20260916T191156Z_1c8b4c4f,0.1.0-phase1,2026-09-16T19:11:56+00:00
SERIEA2627_MW06_060_Torino_Udinese,6,Torino,Udinese,2026-10-12T18:45:00+00:00,0.3901,0.2906,0.3193,0.3512,0.2606,0.3883,0.4104,0.2831,0.3065,True,early_week_mode,weekly_update_20260916T191156Z_1c8b4c4f,0.1.0-phase1,2026-09-16T19:11:56+00:00
SERIEA2627_MW07_063_Frosinone_Sassuolo,7,Frosinone,Sassuolo,2026-10-16T18:45:00+00:00,0.2982,0.3082,0.3936,0.3218,0.2363,0.4419,,,,False,early_week_mode,weekly_update_20260916T191156Z_1c8b4c4f,0.1.0-phase1,2026-09-16T19:11:56+00:00
SERIEA2627_MW07_070_Venezia_Napoli,7,Venezia,Napoli,2026-10-17T13:00:00+00:00,0.1116,0.1926,0.6959,0.0664,0.1383,0.7953,,,,False,early_week_mode,weekly_update_20260916T191156Z_1c8b4c4f,0.1.0-phase1,2026-09-16T19:11:56+00:00
SERIEA2627_MW07_061_Bologna_Internazionale,7,Bologna,Internazionale,2026-10-17T16:00:00+00:00,0.1535,0.2029,0.6437,0.1857,0.2054,0.6089,,,,False,early_week_mode,weekly_update_20260916T191156Z_1c8b4c4f,0.1.0-phase1,2026-09-16T19:11:56+00:00
SERIEA2627_MW07_068_Roma_Genoa,7,Roma,Genoa,2026-10-17T18:45:00+00:00,0.673,0.2195,0.1075,0.6645,0.2111,0.1244,,,,False,early_week_mode,weekly_update_20260916T191156Z_1c8b4c4f,0.1.0-phase1,2026-09-16T19:11:56+00:00
SERIEA2627_MW07_069_Udinese_Lecce,7,Udinese,Lecce,2026-10-18T10:30:00+00:00,0.4939,0.298,0.2081,0.5049,0.2709,0.2242,,,,False,early_week_mode,weekly_update_20260916T191156Z_1c8b4c4f,0.1.0-phase1,2026-09-16T19:11:56+00:00
SERIEA2627_MW07_062_Fiorentina_Como,7,Fiorentina,Como,2026-10-18T13:00:00+00:00,0.2137,0.2526,0.5337,0.2107,0.2334,0.5559,,,,False,early_week_mode,weekly_update_20260916T191156Z_1c8b4c4f,0.1.0-phase1,2026-09-16T19:11:56+00:00
SERIEA2627_MW07_065_Milan_Atalanta,7,Milan,Atalanta,2026-10-18T16:00:00+00:00,0.4124,0.293,0.2946,0.3724,0.2698,0.3578,,,,False,early_week_mode,weekly_update_20260916T191156Z_1c8b4c4f,0.1.0-phase1,2026-09-16T19:11:56+00:00
SERIEA2627_MW07_064_Juventus_Lazio,7,Juventus,Lazio,2026-10-18T18:45:00+00:00,0.4908,0.2945,0.2147,0.4767,0.2758,0.2475,,,,False,early_week_mode,weekly_update_20260916T191156Z_1c8b4c4f,0.1.0-phase1,2026-09-16T19:11:56+00:00
SERIEA2627_MW07_066_Monza_Cagliari,7,Monza,Cagliari,2026-10-19T16:30:00+00:00,0.243,0.3349,0.4221,0.1922,0.2257,0.5821,,,,False,early_week_mode,weekly_update_20260916T191156Z_1c8b4c4f,0.1.0-phase1,2026-09-16T19:11:56+00:00
SERIEA2627_MW07_067_Parma_Torino,7,Parma,Torino,2026-10-19T18:45:00+00:00,0.3296,0.2985,0.3719,0.3239,0.3015,0.3745,,,,False,early_week_mode,weekly_update_20260916T191156Z_1c8b4c4f,0.1.0-phase1,2026-09-16T19:11:56+00:00
SERIEA2627_MW08_079_Torino_Monza,8,Torino,Monza,2026-10-23T18:45:00+00:00,0.5372,0.2887,0.1741,0.6363,0.2015,0.1622,,,,False,early_week_mode,weekly_update_20260916T191156Z_1c8b4c4f,0.1.0-phase1,2026-09-16T19:11:56+00:00
SERIEA2627_MW08_073_Como_Sassuolo,8,Como,Sassuolo,2026-10-24T13:00:00+00:00,0.604,0.2408,0.1553,0.6247,0.2055,0.1698,,,,False,early_week_mode,weekly_update_20260916T191156Z_1c8b4c4f,0.1.0-phase1,2026-09-16T19:11:56+00:00
SERIEA2627_MW08_072_Cagliari_Bologna,8,Cagliari,Bologna,2026-10-24T13:00:00+00:00,0.3446,0.2798,0.3756,0.3069,0.278,0.4151,,,,False,early_week_mode,weekly_update_20260916T191156Z_1c8b4c4f,0.1.0-phase1,2026-09-16T19:11:56+00:00
SERIEA2627_MW08_078_Napoli_Roma,8,Napoli,Roma,2026-10-24T16:00:00+00:00,0.3551,0.3123,0.3326,0.3246,0.2816,0.3938,,,,False,early_week_mode,weekly_update_20260916T191156Z_1c8b4c4f,0.1.0-phase1,2026-09-16T19:11:56+00:00
SERIEA2627_MW08_076_Lazio_Parma,8,Lazio,Parma,2026-10-24T18:45:00+00:00,0.5957,0.2606,0.1437,0.5245,0.2843,0.1912,,,,False,early_week_mode,weekly_update_20260916T191156Z_1c8b4c4f,0.1.0-phase1,2026-09-16T19:11:56+00:00
SERIEA2627_MW08_075_Internazionale_Fiorentina,8,Internazionale,Fiorentina,2026-10-25T11:30:00+00:00,0.6765,0.2065,0.117,0.7233,0.1586,0.1182,,,,False,early_week_mode,weekly_update_20260916T191156Z_1c8b4c4f,0.1.0-phase1,2026-09-16T19:11:56+00:00
SERIEA2627_MW08_074_Genoa_Venezia,8,Genoa,Venezia,2026-10-25T14:00:00+00:00,0.5067,0.3083,0.185,0.6293,0.2192,0.1514,,,,False,early_week_mode,weekly_update_20260916T191156Z_1c8b4c4f,0.1.0-phase1,2026-09-16T19:11:56+00:00
SERIEA2627_MW08_071_Atalanta_Frosinone,8,Atalanta,Frosinone,2026-10-25T14:00:00+00:00,0.6048,0.2637,0.1315,0.6507,0.1985,0.1508,,,,False,early_week_mode,weekly_update_20260916T191156Z_1c8b4c4f,0.1.0-phase1,2026-09-16T19:11:56+00:00
SERIEA2627_MW08_077_Lecce_Juventus,8,Lecce,Juventus,2026-10-25T17:00:00+00:00,0.157,0.1976,0.6454,0.1434,0.2476,0.609,,,,False,early_week_mode,weekly_update_20260916T191156Z_1c8b4c4f,0.1.0-phase1,2026-09-16T19:11:56+00:00
SERIEA2627_MW08_080_Udinese_Milan,8,Udinese,Milan,2026-10-25T19:45:00+00:00,0.2484,0.2537,0.498,0.2615,0.2505,0.4879,,,,False,early_week_mode,weekly_update_20260916T191156Z_1c8b4c4f,0.1.0-phase1,2026-09-16T19:11:56+00:00
SERIEA2627_MW09_088_Sassuolo_Lazio,9,Sassuolo,Lazio,2026-10-27T17:30:00+00:00,0.2988,0.2662,0.435,0.3225,0.2609,0.4166,,,,False,early_week_mode,weekly_update_20260916T191156Z_1c8b4c4f,0.1.0-phase1,2026-09-16T19:11:56+00:00
SERIEA2627_MW09_089_Torino_Como,9,Torino,Como,2026-10-27T19:45:00+00:00,0.1861,0.2371,0.5768,0.1733,0.2219,0.6048,,,,False,early_week_mode,weekly_update_20260916T191156Z_1c8b4c4f,0.1.0-phase1,2026-09-16T19:11:56+00:00
SERIEA2627_MW09_087_Roma_Cagliari,9,Roma,Cagliari,2026-10-27T19:45:00+00:00,0.6626,0.2238,0.1137,0.656,0.2127,0.1313,,,,False,early_week_mode,weekly_update_20260916T191156Z_1c8b4c4f,0.1.0-phase1,2026-09-16T19:11:56+00:00
SERIEA2627_MW09_090_Venezia_Internazionale,9,Venezia,Internazionale,2026-10-28T17:30:00+00:00,0.0771,0.1495,0.7734,0.0277,0.0636,0.9087,,,,False,early_week_mode,weekly_update_20260916T191156Z_1c8b4c4f,0.1.0-phase1,2026-09-16T19:11:56+00:00
SERIEA2627_MW09_086_Parma_Udinese,9,Parma,Udinese,2026-10-28T17:30:00+00:00,0.3047,0.2993,0.396,0.289,0.2917,0.4192,,,,False,early_week_mode,weekly_update_20260916T191156Z_1c8b4c4f,0.1.0-phase1,2026-09-16T19:11:56+00:00
SERIEA2627_MW09_084_Milan_Bologna,9,Milan,Bologna,2026-10-28T17:30:00+00:00,0.5352,0.2753,0.1896,0.4794,0.2606,0.26,,,,False,early_week_mode,weekly_update_20260916T191156Z_1c8b4c4f,0.1.0-phase1,2026-09-16T19:11:56+00:00
SERIEA2627_MW09_085_Monza_Napoli,9,Monza,Napoli,2026-10-28T19:45:00+00:00,0.1126,0.2038,0.6836,0.0728,0.1377,0.7895,,,,False,early_week_mode,weekly_update_20260916T191156Z_1c8b4c4f,0.1.0-phase1,2026-09-16T19:11:56+00:00
SERIEA2627_MW09_083_Genoa_Juventus,9,Genoa,Juventus,2026-10-28T19:45:00+00:00,0.1749,0.218,0.6071,0.1935,0.2578,0.5488,,,,False,early_week_mode,weekly_update_20260916T191156Z_1c8b4c4f,0.1.0-phase1,2026-09-16T19:11:56+00:00
SERIEA2627_MW09_082_Frosinone_Lecce,9,Frosinone,Lecce,2026-10-29T17:30:00+00:00,0.3985,0.3419,0.2596,0.4391,0.2764,0.2845,,,,False,early_week_mode,weekly_update_20260916T191156Z_1c8b4c4f,0.1.0-phase1,2026-09-16T19:11:56+00:00
SERIEA2627_MW09_081_Fiorentina_Atalanta,9,Fiorentina,Atalanta,2026-10-29T19:45:00+00:00,0.2709,0.2635,0.4656,0.2524,0.2491,0.4984,,,,False,early_week_mode,weekly_update_20260916T191156Z_1c8b4c4f,0.1.0-phase1,2026-09-16T19:11:56+00:00
SERIEA2627_MW10_092_Bologna_Monza,10,Bologna,Monza,2026-10-31T14:00:00+00:00,0.5735,0.2656,0.161,0.7263,0.1673,0.1064,,,,False,early_week_mode,weekly_update_20260916T191156Z_1c8b4c4f,0.1.0-phase1,2026-09-16T19:11:56+00:00
SERIEA2627_MW10_100_Udinese_Roma,10,Udinese,Roma,2026-10-31T17:00:00+00:00,0.1793,0.2218,0.5989,0.1804,0.2276,0.5919,,,,False,early_week_mode,weekly_update_20260916T191156Z_1c8b4c4f,0.1.0-phase1,2026-09-16T19:11:56+00:00
SERIEA2627_MW10_098_Milan_Internazionale,10,Milan,Internazionale,2026-10-31T19:45:00+00:00,0.2526,0.26,0.4873,0.2607,0.2277,0.5117,,,,False,early_week_mode,weekly_update_20260916T191156Z_1c8b4c4f,0.1.0-phase1,2026-09-16T19:11:56+00:00
SERIEA2627_MW10_093_Como_Venezia,10,Como,Venezia,2026-11-01T11:30:00+00:00,0.7203,0.1905,0.0892,0.8648,0.0952,0.0399,,,,False,early_week_mode,weekly_update_20260916T191156Z_1c8b4c4f,0.1.0-phase1,2026-09-16T19:11:56+00:00
SERIEA2627_MW10_096_Lazio_Cagliari,10,Lazio,Cagliari,2026-11-01T14:00:00+00:00,0.5461,0.2797,0.1743,0.4874,0.2731,0.2396,,,,False,early_week_mode,weekly_update_20260916T191156Z_1c8b4c4f,0.1.0-phase1,2026-09-16T19:11:56+00:00
SERIEA2627_MW10_094_Frosinone_Torino,10,Frosinone,Torino,2026-11-01T14:00:00+00:00,0.3341,0.314,0.3519,0.3691,0.2529,0.3781,,,,False,early_week_mode,weekly_update_20260916T191156Z_1c8b4c4f,0.1.0-phase1,2026-09-16T19:11:56+00:00
SERIEA2627_MW10_097_Lecce_Genoa,10,Lecce,Genoa,2026-11-01T17:00:00+00:00,0.3497,0.3089,0.3414,0.2949,0.3105,0.3946,,,,False,early_week_mode,weekly_update_20260916T191156Z_1c8b4c4f,0.1.0-phase1,2026-09-16T19:11:56+00:00
SERIEA2627_MW10_095_Juventus_Napoli,10,Juventus,Napoli,2026-11-01T19:45:00+00:00,0.3934,0.3005,0.306,0.3805,0.2856,0.3339,,,,False,early_week_mode,weekly_update_20260916T191156Z_1c8b4c4f,0.1.0-phase1,2026-09-16T19:11:56+00:00
SERIEA2627_MW10_099_Sassuolo_Fiorentina,10,Sassuolo,Fiorentina,2026-11-02T17:30:00+00:00,0.3984,0.2793,0.3223,0.4029,0.246,0.3511,,,,False,early_week_mode,weekly_update_20260916T191156Z_1c8b4c4f,0.1.0-phase1,2026-09-16T19:11:56+00:00
SERIEA2627_MW10_091_Atalanta_Parma,10,Atalanta,Parma,2026-11-02T19:45:00+00:00,0.6272,0.2409,0.1319,0.6115,0.2439,0.1446,,,,False,early_week_mode,weekly_update_20260916T191156Z_1c8b4c4f,0.1.0-phase1,2026-09-16T19:11:56+00:00
SERIEA2627_MW11_110_Venezia_Udinese,11,Venezia,Udinese,2026-11-06T19:45:00+00:00,0.2115,0.302,0.4865,0.1507,0.2006,0.6487,,,,False,early_week_mode,weekly_update_20260916T191156Z_1c8b4c4f,0.1.0-phase1,2026-09-16T19:11:56+00:00
SERIEA2627_MW11_109_Torino_Lecce,11,Torino,Lecce,2026-11-07T14:00:00+00:00,0.4692,0.3095,0.2213,0.4565,0.2867,0.2567,,,,False,early_week_mode,weekly_update_20260916T191156Z_1c8b4c4f,0.1.0-phase1,2026-09-16T19:11:56+00:00
SERIEA2627_MW11_101_Cagliari_Frosinone,11,Cagliari,Frosinone,2026-11-07T14:00:00+00:00,0.4262,0.3378,0.236,0.4391,0.258,0.3029,,,,False,early_week_mode,weekly_update_20260916T191156Z_1c8b4c4f,0.1.0-phase1,2026-09-16T19:11:56+00:00
SERIEA2627_MW11_107_Parma_Bologna,11,Parma,Bologna,2026-11-07T17:00:00+00:00,0.2892,0.2881,0.4227,0.2463,0.2952,0.4585,,,,False,early_week_mode,weekly_update_20260916T191156Z_1c8b4c4f,0.1.0-phase1,2026-09-16T19:11:56+00:00
SERIEA2627_MW11_108_Roma_Sassuolo,11,Roma,Sassuolo,2026-11-07T19:45:00+00:00,0.6381,0.2273,0.1345,0.6515,0.2,0.1485,,,,False,early_week_mode,weekly_update_20260916T191156Z_1c8b4c4f,0.1.0-phase1,2026-09-16T19:11:56+00:00
SERIEA2627_MW11_106_Napoli_Lazio,11,Napoli,Lazio,2026-11-08T11:30:00+00:00,0.4944,0.2934,0.2122,0.4784,0.2743,0.2472,,,,False,early_week_mode,weekly_update_20260916T191156Z_1c8b4c4f,0.1.0-phase1,2026-09-16T19:11:56+00:00
SERIEA2627_MW11_105_Monza_Atalanta,11,Monza,Atalanta,2026-11-08T14:00:00+00:00,0.1365,0.2273,0.6363,0.0798,0.1406,0.7795,,,,False,early_week_mode,weekly_update_20260916T191156Z_1c8b4c4f,0.1.0-phase1,2026-09-16T19:11:56+00:00
SERIEA2627_MW11_103_Genoa_Milan,11,Genoa,Milan,2026-11-08T14:00:00+00:00,0.2011,0.2408,0.5581,0.2224,0.2593,0.5183,,,,False,early_week_mode,weekly_update_20260916T191156Z_1c8b4c4f,0.1.0-phase1,2026-09-16T19:11:56+00:00
SERIEA2627_MW11_104_Internazionale_Como,11,Internazionale,Como,2026-11-08T17:00:00+00:00,0.4978,0.2761,0.2261,0.492,0.2301,0.2779,,,,False,early_week_mode,weekly_update_20260916T191156Z_1c8b4c4f,0.1.0-phase1,2026-09-16T19:11:56+00:00
SERIEA2627_MW11_102_Fiorentina_Juventus,11,Fiorentina,Juventus,2026-11-08T19:45:00+00:00,0.2206,0.2442,0.5353,0.2338,0.2521,0.5141,,,,False,early_week_mode,weekly_update_20260916T191156Z_1c8b4c4f,0.1.0-phase1,2026-09-16T19:11:56+00:00
SERIEA2627_MW12_115_Lazio_Lecce,12,Lazio,Lecce,2026-11-21T14:00:00+00:00,0.6008,0.2624,0.1368,0.5603,0.2683,0.1714,,,,False,early_week_mode,weekly_update_20260916T191156Z_1c8b4c4f,0.1.0-phase1,2026-09-16T19:11:56+00:00
SERIEA2627_MW12_113_Como_Cagliari,12,Como,Cagliari,2026-11-21T14:00:00+00:00,0.6311,0.2386,0.1302,0.6325,0.218,0.1495,,,,False,early_week_mode,weekly_update_20260916T191156Z_1c8b4c4f,0.1.0-phase1,2026-09-16T19:11:56+00:00
SERIEA2627_MW12_119_Parma_Roma,12,Parma,Roma,2026-11-21T17:00:00+00:00,0.1328,0.1943,0.6729,0.1277,0.2365,0.6357,,,,False,early_week_mode,weekly_update_20260916T191156Z_1c8b4c4f,0.1.0-phase1,2026-09-16T19:11:56+00:00
SERIEA2627_MW12_118_Napoli_Torino,12,Napoli,Torino,2026-11-21T19:45:00+00:00,0.6226,0.2433,0.134,0.6169,0.2235,0.1596,,,,False,early_week_mode,weekly_update_20260916T191156Z_1c8b4c4f,0.1.0-phase1,2026-09-16T19:11:56+00:00
SERIEA2627_MW12_120_Sassuolo_Genoa,12,Sassuolo,Genoa,2026-11-22T11:30:00+00:00,0.4751,0.2873,0.2376,0.449,0.2586,0.2924,,,,False,early_week_mode,weekly_update_20260916T191156Z_1c8b4c4f,0.1.0-phase1,2026-09-16T19:11:56+00:00
SERIEA2627_MW12_116_Milan_Frosinone,12,Milan,Frosinone,2026-11-22T14:00:00+00:00,0.6092,0.2634,0.1274,0.6327,0.2045,0.1628,,,,False,early_week_mode,weekly_update_20260916T191156Z_1c8b4c4f,0.1.0-phase1,2026-09-16T19:11:56+00:00
SERIEA2627_MW12_112_Bologna_Udinese,12,Bologna,Udinese,2026-11-22T17:00:00+00:00,0.4155,0.3002,0.2842,0.4461,0.2601,0.2937,,,,False,early_week_mode,weekly_update_20260916T191156Z_1c8b4c4f,0.1.0-phase1,2026-09-16T19:11:56+00:00
SERIEA2627_MW12_111_Atalanta_Internazionale,12,Atalanta,Internazionale,2026-11-22T19:45:00+00:00,0.2412,0.2552,0.5036,0.278,0.2322,0.4898,,,,False,early_week_mode,weekly_update_20260916T191156Z_1c8b4c4f,0.1.0-phase1,2026-09-16T19:11:56+00:00
SERIEA2627_MW12_117_Monza_Fiorentina,12,Monza,Fiorentina,2026-11-23T17:30:00+00:00,0.2077,0.2891,0.5032,0.1608,0.196,0.6432,,,,False,early_week_mode,weekly_update_20260916T191156Z_1c8b4c4f,0.1.0-phase1,2026-09-16T19:11:56+00:00
SERIEA2627_MW12_114_Juventus_Venezia,12,Juventus,Venezia,2026-11-23T19:45:00+00:00,0.7201,0.1942,0.0858,0.8319,0.1175,0.0506,,,,False,early_week_mode,weekly_update_20260916T191156Z_1c8b4c4f,0.1.0-phase1,2026-09-16T19:11:56+00:00
SERIEA2627_MW13_125_Lecce_Atalanta,13,Lecce,Atalanta,2026-11-28T00:00:00+00:00,0.186,0.2168,0.5972,0.1548,0.246,0.5992,,,,False,early_week_mode,weekly_update_20260916T191156Z_1c8b4c4f,0.1.0-phase1,2026-09-16T19:11:56+00:00
SERIEA2627_MW13_121_Cagliari_Milan,13,Cagliari,Milan,2026-11-28T00:00:00+00:00,0.2244,0.2375,0.5382,0.2337,0.259,0.5073,,,,False,early_week_mode,weekly_update_20260916T191156Z_1c8b4c4f,0.1.0-phase1,2026-09-16T19:11:56+00:00
SERIEA2627_MW13_122_Como_Juventus,13,Como,Juventus,2026-11-28T00:00:00+00:00,0.4025,0.2865,0.311,0.4156,0.2738,0.3106,,,,False,early_week_mode,weekly_update_20260916T191156Z_1c8b4c4f,0.1.0-phase1,2026-09-16T19:11:56+00:00
SERIEA2627_MW13_123_Frosinone_Parma,13,Frosinone,Parma,2026-11-28T00:00:00+00:00,0.3914,0.339,0.2696,0.404,0.2847,0.3113,,,,False,early_week_mode,weekly_update_20260916T191156Z_1c8b4c4f,0.1.0-phase1,2026-09-16T19:11:56+00:00
SERIEA2627_MW13_124_Internazionale_Genoa,13,Internazionale,Genoa,2026-11-28T00:00:00+00:00,0.7227,0.1868,0.0905,0.751,0.1538,0.0952,,,,False,early_week_mode,weekly_update_20260916T191156Z_1c8b4c4f,0.1.0-phase1,2026-09-16T19:11:56+00:00
SERIEA2627_MW13_130_Venezia_Bologna,13,Venezia,Bologna,2026-11-28T00:00:00+00:00,0.2027,0.2873,0.51,0.1227,0.1904,0.6868,,,,False,early_week_mode,weekly_update_20260916T191156Z_1c8b4c4f,0.1.0-phase1,2026-09-16T19:11:56+00:00
SERIEA2627_MW13_129_Udinese_Fiorentina,13,Udinese,Fiorentina,2026-11-28T00:00:00+00:00,0.3845,0.2855,0.33,0.3907,0.2555,0.3537,,,,False,early_week_mode,weekly_update_20260916T191156Z_1c8b4c4f,0.1.0-phase1,2026-09-16T19:11:56+00:00
SERIEA2627_MW13_128_Torino_Lazio,13,Torino,Lazio,2026-11-28T00:00:00+00:00,0.2657,0.273,0.4613,0.2731,0.27,0.4569,,,,False,early_week_mode,weekly_update_20260916T191156Z_1c8b4c4f,0.1.0-phase1,2026-09-16T19:11:56+00:00
SERIEA2627_MW13_127_Sassuolo_Napoli,13,Sassuolo,Napoli,2026-11-28T00:00:00+00:00,0.2162,0.2229,0.561,0.2323,0.24,0.5276,,,,False,early_week_mode,weekly_update_20260916T191156Z_1c8b4c4f,0.1.0-phase1,2026-09-16T19:11:56+00:00
SERIEA2627_MW13_126_Roma_Monza,13,Roma,Monza,2026-11-28T00:00:00+00:00,0.7318,0.1824,0.0858,0.8745,0.0885,0.037,,,,False,early_week_mode,weekly_update_20260916T191156Z_1c8b4c4f,0.1.0-phase1,2026-09-16T19:11:56+00:00
SERIEA2627_MW14_140_Venezia_Sassuolo,14,Venezia,Sassuolo,2026-12-05T00:00:00+00:00,0.201,0.2818,0.5171,0.1442,0.1877,0.6682,,,,False,early_week_mode,weekly_update_20260916T191156Z_1c8b4c4f,0.1.0-phase1,2026-09-16T19:11:56+00:00
SERIEA2627_MW14_139_Napoli_Lecce,14,Napoli,Lecce,2026-12-05T00:00:00+00:00,0.6741,0.224,0.1019,0.6586,0.2244,0.117,,,,False,early_week_mode,weekly_update_20260916T191156Z_1c8b4c4f,0.1.0-phase1,2026-09-16T19:11:56+00:00
SERIEA2627_MW14_138_Monza_Como,14,Monza,Como,2026-12-05T00:00:00+00:00,0.1092,0.2129,0.6779,0.0594,0.1161,0.8245,,,,False,early_week_mode,weekly_update_20260916T191156Z_1c8b4c4f,0.1.0-phase1,2026-09-16T19:11:56+00:00
SERIEA2627_MW14_137_Milan_Parma,14,Milan,Parma,2026-12-05T00:00:00+00:00,0.6315,0.2427,0.1258,0.5955,0.2498,0.1548,,,,False,early_week_mode,weekly_update_20260916T191156Z_1c8b4c4f,0.1.0-phase1,2026-09-16T19:11:56+00:00
SERIEA2627_MW14_136_Lazio_Atalanta,14,Lazio,Atalanta,2026-12-05T00:00:00+00:00,0.3673,0.291,0.3417,0.3109,0.2785,0.4106,,,,False,early_week_mode,weekly_update_20260916T191156Z_1c8b4c4f,0.1.0-phase1,2026-09-16T19:11:56+00:00
SERIEA2627_MW14_135_Juventus_Udinese,14,Juventus,Udinese,2026-12-05T00:00:00+00:00,0.5994,0.2526,0.1481,0.576,0.2349,0.1891,,,,False,early_week_mode,weekly_update_20260916T191156Z_1c8b4c4f,0.1.0-phase1,2026-09-16T19:11:56+00:00
SERIEA2627_MW14_134_Genoa_Torino,14,Genoa,Torino,2026-12-05T00:00:00+00:00,0.3562,0.2926,0.3512,0.3824,0.2793,0.3383,,,,False,early_week_mode,weekly_update_20260916T191156Z_1c8b4c4f,0.1.0-phase1,2026-09-16T19:11:56+00:00
SERIEA2627_MW14_133_Frosinone_Internazionale,14,Frosinone,Internazionale,2026-12-05T00:00:00+00:00,0.1127,0.187,0.7003,0.0981,0.1377,0.7642,,,,False,early_week_mode,weekly_update_20260916T191156Z_1c8b4c4f,0.1.0-phase1,2026-09-16T19:11:56+00:00
SERIEA2627_MW14_132_Fiorentina_Cagliari,14,Fiorentina,Cagliari,2026-12-05T00:00:00+00:00,0.4476,0.2967,0.2557,0.4308,0.2666,0.3026,,,,False,early_week_mode,weekly_update_20260916T191156Z_1c8b4c4f,0.1.0-phase1,2026-09-16T19:11:56+00:00
SERIEA2627_MW14_131_Bologna_Roma,14,Bologna,Roma,2026-12-05T00:00:00+00:00,0.1939,0.2464,0.5598,0.2181,0.2545,0.5275,,,,False,early_week_mode,weekly_update_20260916T191156Z_1c8b4c4f,0.1.0-phase1,2026-09-16T19:11:56+00:00
SERIEA2627_MW15_142_Cagliari_Venezia,15,Cagliari,Venezia,2026-12-12T00:00:00+00:00,0.5385,0.2893,0.1722,0.6486,0.2093,0.142,,,,False,early_week_mode,weekly_update_20260916T191156Z_1c8b4c4f,0.1.0-phase1,2026-09-16T19:11:56+00:00
SERIEA2627_MW15_141_Atalanta_Genoa,15,Atalanta,Genoa,2026-12-12T00:00:00+00:00,0.5992,0.2549,0.146,0.5879,0.2387,0.1734,,,,False,early_week_mode,weekly_update_20260916T191156Z_1c8b4c4f,0.1.0-phase1,2026-09-16T19:11:56+00:00
SERIEA2627_MW15_143_Como_Bologna,15,Como,Bologna,2026-12-12T00:00:00+00:00,0.5831,0.2549,0.162,0.5535,0.2415,0.205,,,,False,early_week_mode,weekly_update_20260916T191156Z_1c8b4c4f,0.1.0-phase1,2026-09-16T19:11:56+00:00
SERIEA2627_MW15_144_Internazionale_Torino,15,Internazionale,Torino,2026-12-12T00:00:00+00:00,0.7052,0.1912,0.1036,0.7668,0.1413,0.0919,,,,False,early_week_mode,weekly_update_20260916T191156Z_1c8b4c4f,0.1.0-phase1,2026-09-16T19:11:56+00:00
SERIEA2627_MW15_145_Juventus_Monza,15,Juventus,Monza,2026-12-12T00:00:00+00:00,0.7129,0.1978,0.0893,0.8278,0.1169,0.0553,,,,False,early_week_mode,weekly_update_20260916T191156Z_1c8b4c4f,0.1.0-phase1,2026-09-16T19:11:56+00:00
SERIEA2627_MW15_146_Lazio_Roma,15,Lazio,Roma,2026-12-12T00:00:00+00:00,0.2668,0.2802,0.4531,0.2388,0.2698,0.4914,,,,False,early_week_mode,weekly_update_20260916T191156Z_1c8b4c4f,0.1.0-phase1,2026-09-16T19:11:56+00:00
SERIEA2627_MW15_150_Udinese_Frosinone,15,Udinese,Frosinone,2026-12-12T00:00:00+00:00,0.4569,0.327,0.2161,0.4858,0.2386,0.2755,,,,False,early_week_mode,weekly_update_20260916T191156Z_1c8b4c4f,0.1.0-phase1,2026-09-16T19:11:56+00:00
SERIEA2627_MW15_149_Parma_Fiorentina,15,Parma,Fiorentina,2026-12-12T00:00:00+00:00,0.2964,0.2871,0.4165,0.2827,0.2906,0.4267,,,,False,early_week_mode,weekly_update_20260916T191156Z_1c8b4c4f,0.1.0-phase1,2026-09-16T19:11:56+00:00
SERIEA2627_MW15_148_Napoli_Milan,15,Napoli,Milan,2026-12-12T00:00:00+00:00,0.4483,0.3,0.2516,0.4272,0.2727,0.3,,,,False,early_week_mode,weekly_update_20260916T191156Z_1c8b4c4f,0.1.0-phase1,2026-09-16T19:11:56+00:00
SERIEA2627_MW15_147_Lecce_Sassuolo,15,Lecce,Sassuolo,2026-12-12T00:00:00+00:00,0.2807,0.2724,0.4469,0.2606,0.2698,0.4696,,,,False,early_week_mode,weekly_update_20260916T191156Z_1c8b4c4f,0.1.0-phase1,2026-09-16T19:11:56+00:00
SERIEA2627_MW16_160_Venezia_Monza,16,Venezia,Monza,2026-12-19T00:00:00+00:00,0.3641,0.3326,0.3033,0.3748,0.2482,0.3771,,,,False,early_week_mode,weekly_update_20260916T191156Z_1c8b4c4f,0.1.0-phase1,2026-09-16T19:11:56+00:00
SERIEA2627_MW16_159_Torino_Cagliari,16,Torino,Cagliari,2026-12-19T00:00:00+00:00,0.4032,0.3097,0.2871,0.3754,0.2758,0.3489,,,,False,early_week_mode,weekly_update_20260916T191156Z_1c8b4c4f,0.1.0-phase1,2026-09-16T19:11:56+00:00
SERIEA2627_MW16_158_Sassuolo_Parma,16,Sassuolo,Parma,2026-12-19T00:00:00+00:00,0.507,0.2798,0.2132,0.4848,0.2704,0.2448,,,,False,early_week_mode,weekly_update_20260916T191156Z_1c8b4c4f,0.1.0-phase1,2026-09-16T19:11:56+00:00
SERIEA2627_MW16_157_Roma_Juventus,16,Roma,Juventus,2026-12-19T00:00:00+00:00,0.4369,0.2867,0.2764,0.444,0.2772,0.2788,,,,False,early_week_mode,weekly_update_20260916T191156Z_1c8b4c4f,0.1.0-phase1,2026-09-16T19:11:56+00:00
SERIEA2627_MW16_156_Milan_Como,16,Milan,Como,2026-12-19T00:00:00+00:00,0.3395,0.3007,0.3598,0.3239,0.2657,0.4103,,,,False,early_week_mode,weekly_update_20260916T191156Z_1c8b4c4f,0.1.0-phase1,2026-09-16T19:11:56+00:00
SERIEA2627_MW16_154_Genoa_Udinese,16,Genoa,Udinese,2026-12-19T00:00:00+00:00,0.3306,0.2953,0.374,0.3429,0.274,0.3831,,,,False,early_week_mode,weekly_update_20260916T191156Z_1c8b4c4f,0.1.0-phase1,2026-09-16T19:11:56+00:00
SERIEA2627_MW16_153_Frosinone_Lazio,16,Frosinone,Lazio,2026-12-19T00:00:00+00:00,0.2246,0.2803,0.4951,0.2496,0.2499,0.5005,,,,False,early_week_mode,weekly_update_20260916T191156Z_1c8b4c4f,0.1.0-phase1,2026-09-16T19:11:56+00:00
SERIEA2627_MW16_152_Fiorentina_Bologna,16,Fiorentina,Bologna,2026-12-19T00:00:00+00:00,0.3918,0.2892,0.319,0.3499,0.2651,0.3849,,,,False,early_week_mode,weekly_update_20260916T191156Z_1c8b4c4f,0.1.0-phase1,2026-09-16T19:11:56+00:00
SERIEA2627_MW16_151_Atalanta_Napoli,16,Atalanta,Napoli,2026-12-19T00:00:00+00:00,0.333,0.2805,0.3865,0.3642,0.2777,0.3581,,,,False,early_week_mode,weekly_update_20260916T191156Z_1c8b4c4f,0.1.0-phase1,2026-09-16T19:11:56+00:00
SERIEA2627_MW16_155_Lecce_Internazionale,16,Lecce,Internazionale,2026-12-19T00:00:00+00:00,0.0997,0.1446,0.7557,0.0852,0.1565,0.7583,,,,False,early_week_mode,weekly_update_20260916T191156Z_1c8b4c4f,0.1.0-phase1,2026-09-16T19:11:56+00:00
SERIEA2627_MW17_170_Udinese_Atalanta,17,Udinese,Atalanta,2027-01-02T00:00:00+00:00,0.2602,0.2526,0.4873,0.2458,0.2475,0.5067,,,,False,early_week_mode,weekly_update_20260916T191156Z_1c8b4c4f,0.1.0-phase1,2026-09-16T19:11:56+00:00
SERIEA2627_MW17_169_Torino_Venezia,17,Torino,Venezia,2027-01-02T00:00:00+00:00,0.5477,0.2899,0.1624,0.6497,0.2032,0.1472,,,,False,early_week_mode,weekly_update_20260916T191156Z_1c8b4c4f,0.1.0-phase1,2026-09-16T19:11:56+00:00
SERIEA2627_MW17_168_Roma_Frosinone,17,Roma,Frosinone,2027-01-02T00:00:00+00:00,0.6811,0.2208,0.0981,0.7288,0.1679,0.1033,,,,False,early_week_mode,weekly_update_20260916T191156Z_1c8b4c4f,0.1.0-phase1,2026-09-16T19:11:56+00:00
SERIEA2627_MW17_167_Parma_Napoli,17,Parma,Napoli,2027-01-02T00:00:00+00:00,0.1573,0.2022,0.6405,0.1614,0.2635,0.5751,,,,False,early_week_mode,weekly_update_20260916T191156Z_1c8b4c4f,0.1.0-phase1,2026-09-16T19:11:56+00:00
SERIEA2627_MW17_165_Internazionale_Sassuolo,17,Internazionale,Sassuolo,2027-01-02T00:00:00+00:00,0.6946,0.1956,0.1099,0.7375,0.1486,0.1138,,,,False,early_week_mode,weekly_update_20260916T191156Z_1c8b4c4f,0.1.0-phase1,2026-09-16T19:11:56+00:00
SERIEA2627_MW17_164_Fiorentina_Lazio,17,Fiorentina,Lazio,2027-01-02T00:00:00+00:00,0.3005,0.2797,0.4198,0.3205,0.271,0.4084,,,,False,early_week_mode,weekly_update_20260916T191156Z_1c8b4c4f,0.1.0-phase1,2026-09-16T19:11:56+00:00
SERIEA2627_MW17_163_Como_Lecce,17,Como,Lecce,2027-01-02T00:00:00+00:00,0.6739,0.2194,0.1067,0.6978,0.2001,0.1021,,,,False,early_week_mode,weekly_update_20260916T191156Z_1c8b4c4f,0.1.0-phase1,2026-09-16T19:11:56+00:00
SERIEA2627_MW17_162_Cagliari_Genoa,17,Cagliari,Genoa,2027-01-02T00:00:00+00:00,0.4244,0.2975,0.2781,0.3922,0.2891,0.3188,,,,False,early_week_mode,weekly_update_20260916T191156Z_1c8b4c4f,0.1.0-phase1,2026-09-16T19:11:56+00:00
SERIEA2627_MW17_161_Bologna_Juventus,17,Bologna,Juventus,2027-01-02T00:00:00+00:00,0.2316,0.2555,0.5129,0.2679,0.2722,0.4599,,,,False,early_week_mode,weekly_update_20260916T191156Z_1c8b4c4f,0.1.0-phase1,2026-09-16T19:11:56+00:00
SERIEA2627_MW17_166_Monza_Milan,17,Monza,Milan,2027-01-02T00:00:00+00:00,0.1309,0.2321,0.637,0.0875,0.1477,0.7647,,,,False,early_week_mode,weekly_update_20260916T191156Z_1c8b4c4f,0.1.0-phase1,2026-09-16T19:11:56+00:00
SERIEA2627_MW18_180_Venezia_Roma,18,Venezia,Roma,2027-01-05T00:00:00+00:00,0.0949,0.1823,0.7228,0.0464,0.1094,0.8442,,,,False,early_week_mode,weekly_update_20260916T191156Z_1c8b4c4f,0.1.0-phase1,2026-09-16T19:11:56+00:00
SERIEA2627_MW18_179_Sassuolo_Udinese,18,Sassuolo,Udinese,2027-01-05T00:00:00+00:00,0.4139,0.2843,0.3018,0.4114,0.2457,0.3429,,,,False,early_week_mode,weekly_update_20260916T191156Z_1c8b4c4f,0.1.0-phase1,2026-09-16T19:11:56+00:00
SERIEA2627_MW18_178_Napoli_Cagliari,18,Napoli,Cagliari,2027-01-05T00:00:00+00:00,0.6302,0.2452,0.1246,0.5922,0.2393,0.1685,,,,False,early_week_mode,weekly_update_20260916T191156Z_1c8b4c4f,0.1.0-phase1,2026-09-16T19:11:56+00:00
SERIEA2627_MW18_177_Milan_Fiorentina,18,Milan,Fiorentina,2027-01-05T00:00:00+00:00,0.5408,0.2716,0.1877,0.5351,0.24,0.2249,,,,False,early_week_mode,weekly_update_20260916T191156Z_1c8b4c4f,0.1.0-phase1,2026-09-16T19:11:56+00:00
SERIEA2627_MW18_176_Lecce_Parma,18,Lecce,Parma,2027-01-05T00:00:00+00:00,0.3749,0.3151,0.31,0.3252,0.3389,0.3359,,,,False,early_week_mode,weekly_update_20260916T191156Z_1c8b4c4f,0.1.0-phase1,2026-09-16T19:11:56+00:00
SERIEA2627_MW18_175_Lazio_Internazionale,18,Lazio,Internazionale,2027-01-05T00:00:00+00:00,0.2152,0.2411,0.5437,0.2086,0.2217,0.5697,,,,False,early_week_mode,weekly_update_20260916T191156Z_1c8b4c4f,0.1.0-phase1,2026-09-16T19:11:56+00:00
SERIEA2627_MW18_174_Juventus_Torino,18,Juventus,Torino,2027-01-05T00:00:00+00:00,0.6183,0.2448,0.1368,0.6147,0.2251,0.1602,,,,False,early_week_mode,weekly_update_20260916T191156Z_1c8b4c4f,0.1.0-phase1,2026-09-16T19:11:56+00:00
SERIEA2627_MW18_173_Genoa_Monza,18,Genoa,Monza,2027-01-05T00:00:00+00:00,0.4977,0.3038,0.1986,0.6168,0.2166,0.1666,,,,False,early_week_mode,weekly_update_20260916T191156Z_1c8b4c4f,0.1.0-phase1,2026-09-16T19:11:56+00:00
SERIEA2627_MW18_172_Frosinone_Bologna,18,Frosinone,Bologna,2027-01-05T00:00:00+00:00,0.295,0.3159,0.3891,0.2747,0.2481,0.4772,,,,False,early_week_mode,weekly_update_20260916T191156Z_1c8b4c4f,0.1.0-phase1,2026-09-16T19:11:56+00:00
SERIEA2627_MW18_171_Atalanta_Como,18,Atalanta,Como,2027-01-05T00:00:00+00:00,0.328,0.2968,0.3752,0.341,0.2679,0.3911,,,,False,early_week_mode,weekly_update_20260916T191156Z_1c8b4c4f,0.1.0-phase1,2026-09-16T19:11:56+00:00
SERIEA2627_MW19_185_Internazionale_Juventus,19,Internazionale,Juventus,2027-01-09T00:00:00+00:00,0.4974,0.2697,0.2329,0.5165,0.2333,0.2502,,,,False,early_week_mode,weekly_update_20260916T191156Z_1c8b4c4f,0.1.0-phase1,2026-09-16T19:11:56+00:00
SERIEA2627_MW19_184_Fiorentina_Lecce,19,Fiorentina,Lecce,2027-01-09T00:00:00+00:00,0.5131,0.2889,0.1981,0.5128,0.2687,0.2185,,,,False,early_week_mode,weekly_update_20260916T191156Z_1c8b4c4f,0.1.0-phase1,2026-09-16T19:11:56+00:00
SERIEA2627_MW19_183_Como_Lazio,19,Como,Lazio,2027-01-09T00:00:00+00:00,0.4977,0.2779,0.2244,0.5165,0.2575,0.226,,,,False,early_week_mode,weekly_update_20260916T191156Z_1c8b4c4f,0.1.0-phase1,2026-09-16T19:11:56+00:00
SERIEA2627_MW19_182_Cagliari_Sassuolo,19,Cagliari,Sassuolo,2027-01-09T00:00:00+00:00,0.3528,0.2763,0.3709,0.3569,0.2605,0.3826,,,,False,early_week_mode,weekly_update_20260916T191156Z_1c8b4c4f,0.1.0-phase1,2026-09-16T19:11:56+00:00
SERIEA2627_MW19_181_Bologna_Genoa,19,Bologna,Genoa,2027-01-09T00:00:00+00:00,0.4733,0.301,0.2257,0.4778,0.2717,0.2505,,,,False,early_week_mode,weekly_update_20260916T191156Z_1c8b4c4f,0.1.0-phase1,2026-09-16T19:11:56+00:00
SERIEA2627_MW19_186_Monza_Frosinone,19,Monza,Frosinone,2027-01-09T00:00:00+00:00,0.2801,0.3431,0.3768,0.2234,0.2157,0.5609,,,,False,early_week_mode,weekly_update_20260916T191156Z_1c8b4c4f,0.1.0-phase1,2026-09-16T19:11:56+00:00
SERIEA2627_MW19_187_Parma_Venezia,19,Parma,Venezia,2027-01-09T00:00:00+00:00,0.4703,0.3276,0.2022,0.5519,0.2618,0.1863,,,,False,early_week_mode,weekly_update_20260916T191156Z_1c8b4c4f,0.1.0-phase1,2026-09-16T19:11:56+00:00
SERIEA2627_MW19_188_Roma_Milan,19,Roma,Milan,2027-01-09T00:00:00+00:00,0.4906,0.2789,0.2305,0.4929,0.2601,0.247,,,,False,early_week_mode,weekly_update_20260916T191156Z_1c8b4c4f,0.1.0-phase1,2026-09-16T19:11:56+00:00
SERIEA2627_MW19_189_Torino_Atalanta,19,Torino,Atalanta,2027-01-09T00:00:00+00:00,0.238,0.252,0.5101,0.2105,0.2412,0.5483,,,,False,early_week_mode,weekly_update_20260916T191156Z_1c8b4c4f,0.1.0-phase1,2026-09-16T19:11:56+00:00
SERIEA2627_MW19_190_Udinese_Napoli,19,Udinese,Napoli,2027-01-09T00:00:00+00:00,0.2117,0.2261,0.5622,0.2271,0.2488,0.5241,,,,False,early_week_mode,weekly_update_20260916T191156Z_1c8b4c4f,0.1.0-phase1,2026-09-16T19:11:56+00:00
SERIEA2627_MW20_200_Venezia_Frosinone,20,Venezia,Frosinone,2027-01-16T00:00:00+00:00,0.2671,0.335,0.3978,0.2024,0.2185,0.5791,,,,False,early_week_mode,weekly_update_20260916T191156Z_1c8b4c4f,0.1.0-phase1,2026-09-16T19:11:56+00:00
SERIEA2627_MW20_199_Sassuolo_Monza,20,Sassuolo,Monza,2027-01-16T00:00:00+00:00,0.5796,0.2596,0.1608,0.7086,0.1661,0.1253,,,,False,early_week_mode,weekly_update_20260916T191156Z_1c8b4c4f,0.1.0-phase1,2026-09-16T19:11:56+00:00
SERIEA2627_MW20_197_Napoli_Fiorentina,20,Napoli,Fiorentina,2027-01-16T00:00:00+00:00,0.5879,0.2596,0.1526,0.5701,0.2358,0.1941,,,,False,early_week_mode,weekly_update_20260916T191156Z_1c8b4c4f,0.1.0-phase1,2026-09-16T19:11:56+00:00
SERIEA2627_MW20_196_Milan_Torino,20,Milan,Torino,2027-01-16T00:00:00+00:00,0.5777,0.2579,0.1644,0.5843,0.2297,0.186,,,,False,early_week_mode,weekly_update_20260916T191156Z_1c8b4c4f,0.1.0-phase1,2026-09-16T19:11:56+00:00
SERIEA2627_MW20_195_Lecce_Udinese,20,Lecce,Udinese,2027-01-16T00:00:00+00:00,0.2911,0.2868,0.4221,0.2638,0.2821,0.4541,,,,False,early_week_mode,weekly_update_20260916T191156Z_1c8b4c4f,0.1.0-phase1,2026-09-16T19:11:56+00:00
SERIEA2627_MW20_194_Lazio_Bologna,20,Lazio,Bologna,2027-01-16T00:00:00+00:00,0.4931,0.2859,0.2211,0.4095,0.2809,0.3095,,,,False,early_week_mode,weekly_update_20260916T191156Z_1c8b4c4f,0.1.0-phase1,2026-09-16T19:11:56+00:00
SERIEA2627_MW20_193_Juventus_Genoa,20,Juventus,Genoa,2027-01-16T00:00:00+00:00,0.6407,0.2413,0.118,0.5995,0.24,0.1605,,,,False,early_week_mode,weekly_update_20260916T191156Z_1c8b4c4f,0.1.0-phase1,2026-09-16T19:11:56+00:00
SERIEA2627_MW20_192_Cagliari_Como,20,Cagliari,Como,2027-01-16T00:00:00+00:00,0.1838,0.2227,0.5935,0.1827,0.2369,0.5804,,,,False,early_week_mode,weekly_update_20260916T191156Z_1c8b4c4f,0.1.0-phase1,2026-09-16T19:11:56+00:00
SERIEA2627_MW20_191_Atalanta_Roma,20,Atalanta,Roma,2027-01-16T00:00:00+00:00,0.2941,0.2892,0.4167,0.3067,0.2726,0.4207,,,,False,early_week_mode,weekly_update_20260916T191156Z_1c8b4c4f,0.1.0-phase1,2026-09-16T19:11:56+00:00
SERIEA2627_MW20_198_Parma_Internazionale,20,Parma,Internazionale,2027-01-16T00:00:00+00:00,0.1036,0.1527,0.7437,0.1011,0.1756,0.7233,,,,False,early_week_mode,weekly_update_20260916T191156Z_1c8b4c4f,0.1.0-phase1,2026-09-16T19:11:56+00:00
SERIEA2627_MW21_210_Roma_Udinese,21,Roma,Udinese,2027-01-23T00:00:00+00:00,0.6399,0.2298,0.1303,0.6448,0.2084,0.1467,,,,False,early_week_mode,weekly_update_20260916T191156Z_1c8b4c4f,0.1.0-phase1,2026-09-16T19:11:56+00:00
SERIEA2627_MW21_208_Lecce_Torino,21,Lecce,Torino,2027-01-23T00:00:00+00:00,0.3167,0.2868,0.3965,0.2982,0.2942,0.4075,,,,False,early_week_mode,weekly_update_20260916T191156Z_1c8b4c4f,0.1.0-phase1,2026-09-16T19:11:56+00:00
SERIEA2627_MW21_207_Juventus_Cagliari,21,Juventus,Cagliari,2027-01-23T00:00:00+00:00,0.6242,0.247,0.1288,0.59,0.2409,0.169,,,,False,early_week_mode,weekly_update_20260916T191156Z_1c8b4c4f,0.1.0-phase1,2026-09-16T19:11:56+00:00
SERIEA2627_MW21_206_Internazionale_Venezia,21,Internazionale,Venezia,2027-01-23T00:00:00+00:00,0.7757,0.1543,0.07,0.9329,0.0482,0.0189,,,,False,early_week_mode,weekly_update_20260916T191156Z_1c8b4c4f,0.1.0-phase1,2026-09-16T19:11:56+00:00
SERIEA2627_MW21_205_Genoa_Parma,21,Genoa,Parma,2027-01-23T00:00:00+00:00,0.4187,0.3083,0.2729,0.4081,0.3135,0.2785,,,,False,early_week_mode,weekly_update_20260916T191156Z_1c8b4c4f,0.1.0-phase1,2026-09-16T19:11:56+00:00
SERIEA2627_MW21_204_Frosinone_Milan,21,Frosinone,Milan,2027-01-23T00:00:00+00:00,0.1942,0.2649,0.541,0.2004,0.2225,0.5771,,,,False,early_week_mode,weekly_update_20260916T191156Z_1c8b4c4f,0.1.0-phase1,2026-09-16T19:11:56+00:00
SERIEA2627_MW21_203_Fiorentina_Sassuolo,21,Fiorentina,Sassuolo,2027-01-23T00:00:00+00:00,0.4058,0.2842,0.31,0.4062,0.2459,0.3479,,,,False,early_week_mode,weekly_update_20260916T191156Z_1c8b4c4f,0.1.0-phase1,2026-09-16T19:11:56+00:00
SERIEA2627_MW21_202_Como_Napoli,21,Como,Napoli,2027-01-23T00:00:00+00:00,0.4024,0.2796,0.318,0.4159,0.2726,0.3115,,,,False,early_week_mode,weekly_update_20260916T191156Z_1c8b4c4f,0.1.0-phase1,2026-09-16T19:11:56+00:00
SERIEA2627_MW21_201_Bologna_Atalanta,21,Bologna,Atalanta,2027-01-23T00:00:00+00:00,0.2778,0.274,0.4481,0.2884,0.2673,0.4442,,,,False,early_week_mode,weekly_update_20260916T191156Z_1c8b4c4f,0.1.0-phase1,2026-09-16T19:11:56+00:00
SERIEA2627_MW21_209_Monza_Lazio,21,Monza,Lazio,2027-01-23T00:00:00+00:00,0.1525,0.2538,0.5937,0.1211,0.1855,0.6933,,,,False,early_week_mode,weekly_update_20260916T191156Z_1c8b4c4f,0.1.0-phase1,2026-09-16T19:11:56+00:00
SERIEA2627_MW22_212_Cagliari_Parma,22,Cagliari,Parma,2027-01-30T00:00:00+00:00,0.4526,0.2957,0.2517,0.4243,0.307,0.2687,,,,False,early_week_mode,weekly_update_20260916T191156Z_1c8b4c4f,0.1.0-phase1,2026-09-16T19:11:56+00:00
SERIEA2627_MW22_220_Udinese_Bologna,22,Udinese,Bologna,2027-01-30T00:00:00+00:00,0.3755,0.2878,0.3368,0.3422,0.265,0.3928,,,,False,early_week_mode,weekly_update_20260916T191156Z_1c8b4c4f,0.1.0-phase1,2026-09-16T19:11:56+00:00
SERIEA2627_MW22_219_Torino_Frosinone,22,Torino,Frosinone,2027-01-30T00:00:00+00:00,0.4333,0.3411,0.2256,0.4332,0.2499,0.3169,,,,False,early_week_mode,weekly_update_20260916T191156Z_1c8b4c4f,0.1.0-phase1,2026-09-16T19:11:56+00:00
SERIEA2627_MW22_218_Sassuolo_Como,22,Sassuolo,Como,2027-01-30T00:00:00+00:00,0.2103,0.2372,0.5526,0.2087,0.2229,0.5684,,,,False,early_week_mode,weekly_update_20260916T191156Z_1c8b4c4f,0.1.0-phase1,2026-09-16T19:11:56+00:00
SERIEA2627_MW22_217_Napoli_Internazionale,22,Napoli,Internazionale,2027-01-30T00:00:00+00:00,0.3002,0.2867,0.4131,0.299,0.242,0.459,,,,False,early_week_mode,weekly_update_20260916T191156Z_1c8b4c4f,0.1.0-phase1,2026-09-16T19:11:56+00:00
SERIEA2627_MW22_216_Monza_Roma,22,Monza,Roma,2027-01-30T00:00:00+00:00,0.0973,0.1943,0.7084,0.0507,0.1089,0.8403,,,,False,early_week_mode,weekly_update_20260916T191156Z_1c8b4c4f,0.1.0-phase1,2026-09-16T19:11:56+00:00
SERIEA2627_MW22_215_Milan_Juventus,22,Milan,Juventus,2027-01-30T00:00:00+00:00,0.3473,0.2912,0.3615,0.3473,0.2778,0.375,,,,False,early_week_mode,weekly_update_20260916T191156Z_1c8b4c4f,0.1.0-phase1,2026-09-16T19:11:56+00:00
SERIEA2627_MW22_214_Lazio_Venezia,22,Lazio,Venezia,2027-01-30T00:00:00+00:00,0.6649,0.2289,0.1062,0.7494,0.1641,0.0866,,,,False,early_week_mode,weekly_update_20260916T191156Z_1c8b4c4f,0.1.0-phase1,2026-09-16T19:11:56+00:00
SERIEA2627_MW22_213_Genoa_Lecce,22,Genoa,Lecce,2027-01-30T00:00:00+00:00,0.4271,0.3181,0.2548,0.4413,0.3034,0.2553,,,,False,early_week_mode,weekly_update_20260916T191156Z_1c8b4c4f,0.1.0-phase1,2026-09-16T19:11:56+00:00
SERIEA2627_MW22_211_Atalanta_Fiorentina,22,Atalanta,Fiorentina,2027-01-30T00:00:00+00:00,0.5331,0.2704,0.1966,0.5537,0.2357,0.2105,,,,False,early_week_mode,weekly_update_20260916T191156Z_1c8b4c4f,0.1.0-phase1,2026-09-16T19:11:56+00:00
SERIEA2627_MW23_229_Roma_Torino,23,Roma,Torino,2027-02-06T00:00:00+00:00,0.6525,0.2225,0.125,0.6812,0.1961,0.1226,,,,False,early_week_mode,weekly_update_20260916T191156Z_1c8b4c4f,0.1.0-phase1,2026-09-16T19:11:56+00:00
SERIEA2627_MW23_228_Parma_Frosinone,23,Parma,Frosinone,2027-02-06T00:00:00+00:00,0.3605,0.3617,0.2777,0.3578,0.2869,0.3554,,,,False,early_week_mode,weekly_update_20260916T191156Z_1c8b4c4f,0.1.0-phase1,2026-09-16T19:11:56+00:00
SERIEA2627_MW23_227_Lecce_Napoli,23,Lecce,Napoli,2027-02-06T00:00:00+00:00,0.152,0.1925,0.6554,0.143,0.2458,0.6113,,,,False,early_week_mode,weekly_update_20260916T191156Z_1c8b4c4f,0.1.0-phase1,2026-09-16T19:11:56+00:00
SERIEA2627_MW23_226_Juventus_Sassuolo,23,Juventus,Sassuolo,2027-02-06T00:00:00+00:00,0.5991,0.2498,0.1511,0.5812,0.2262,0.1926,,,,False,early_week_mode,weekly_update_20260916T191156Z_1c8b4c4f,0.1.0-phase1,2026-09-16T19:11:56+00:00
SERIEA2627_MW23_225_Internazionale_Cagliari,23,Internazionale,Cagliari,2027-02-06T00:00:00+00:00,0.7152,0.1899,0.0948,0.7424,0.1564,0.1012,,,,False,early_week_mode,weekly_update_20260916T191156Z_1c8b4c4f,0.1.0-phase1,2026-09-16T19:11:56+00:00
SERIEA2627_MW23_224_Fiorentina_Udinese,23,Fiorentina,Udinese,2027-02-06T00:00:00+00:00,0.4137,0.2902,0.2962,0.4073,0.2548,0.338,,,,False,early_week_mode,weekly_update_20260916T191156Z_1c8b4c4f,0.1.0-phase1,2026-09-16T19:11:56+00:00
SERIEA2627_MW23_223_Como_Monza,23,Como,Monza,2027-02-06T00:00:00+00:00,0.7096,0.1947,0.0956,0.8614,0.095,0.0436,,,,False,early_week_mode,weekly_update_20260916T191156Z_1c8b4c4f,0.1.0-phase1,2026-09-16T19:11:56+00:00
SERIEA2627_MW23_222_Bologna_Milan,23,Bologna,Milan,2027-02-06T00:00:00+00:00,0.2654,0.2742,0.4603,0.3051,0.2687,0.4262,,,,False,early_week_mode,weekly_update_20260916T191156Z_1c8b4c4f,0.1.0-phase1,2026-09-16T19:11:56+00:00
SERIEA2627_MW23_221_Atalanta_Lazio,23,Atalanta,Lazio,2027-02-06T00:00:00+00:00,0.4317,0.2921,0.2762,0.462,0.2714,0.2666,,,,False,early_week_mode,weekly_update_20260916T191156Z_1c8b4c4f,0.1.0-phase1,2026-09-16T19:11:56+00:00
SERIEA2627_MW23_230_Venezia_Genoa,23,Venezia,Genoa,2027-02-06T00:00:00+00:00,0.2571,0.3264,0.4165,0.1849,0.238,0.5772,,,,False,early_week_mode,weekly_update_20260916T191156Z_1c8b4c4f,0.1.0-phase1,2026-09-16T19:11:56+00:00
SERIEA2627_MW24_231_Bologna_Como,24,Bologna,Como,2027-02-13T00:00:00+00:00,0.2199,0.2638,0.5163,0.2452,0.2553,0.4995,,,,False,early_week_mode,weekly_update_20260916T191156Z_1c8b4c4f,0.1.0-phase1,2026-09-16T19:11:56+00:00
SERIEA2627_MW24_232_Cagliari_Lazio,24,Cagliari,Lazio,2027-02-13T00:00:00+00:00,0.262,0.2558,0.4822,0.2807,0.2827,0.4366,,,,False,early_week_mode,weekly_update_20260916T191156Z_1c8b4c4f,0.1.0-phase1,2026-09-16T19:11:56+00:00
SERIEA2627_MW24_233_Frosinone_Fiorentina,24,Frosinone,Fiorentina,2027-02-13T00:00:00+00:00,0.2988,0.2991,0.4021,0.3179,0.245,0.4371,,,,False,early_week_mode,weekly_update_20260916T191156Z_1c8b4c4f,0.1.0-phase1,2026-09-16T19:11:56+00:00
SERIEA2627_MW24_240_Udinese_Venezia,24,Udinese,Venezia,2027-02-13T00:00:00+00:00,0.5688,0.273,0.1582,0.7008,0.1794,0.1198,,,,False,early_week_mode,weekly_update_20260916T191156Z_1c8b4c4f,0.1.0-phase1,2026-09-16T19:11:56+00:00
SERIEA2627_MW24_239_Torino_Sassuolo,24,Torino,Sassuolo,2027-02-13T00:00:00+00:00,0.361,0.2898,0.3492,0.3487,0.2508,0.4004,,,,False,early_week_mode,weekly_update_20260916T191156Z_1c8b4c4f,0.1.0-phase1,2026-09-16T19:11:56+00:00
SERIEA2627_MW24_238_Roma_Parma,24,Roma,Parma,2027-02-13T00:00:00+00:00,0.6967,0.2064,0.0969,0.682,0.2142,0.1039,,,,False,early_week_mode,weekly_update_20260916T191156Z_1c8b4c4f,0.1.0-phase1,2026-09-16T19:11:56+00:00
SERIEA2627_MW24_237_Napoli_Juventus,24,Napoli,Juventus,2027-02-13T00:00:00+00:00,0.3933,0.3061,0.3006,0.3817,0.2855,0.3328,,,,False,early_week_mode,weekly_update_20260916T191156Z_1c8b4c4f,0.1.0-phase1,2026-09-16T19:11:56+00:00
SERIEA2627_MW24_236_Monza_Lecce,24,Monza,Lecce,2027-02-13T00:00:00+00:00,0.2984,0.3674,0.3341,0.2698,0.2719,0.4583,,,,False,early_week_mode,weekly_update_20260916T191156Z_1c8b4c4f,0.1.0-phase1,2026-09-16T19:11:56+00:00
SERIEA2627_MW24_235_Internazionale_Milan,24,Internazionale,Milan,2027-02-13T00:00:00+00:00,0.5557,0.2543,0.19,0.571,0.2142,0.2148,,,,False,early_week_mode,weekly_update_20260916T191156Z_1c8b4c4f,0.1.0-phase1,2026-09-16T19:11:56+00:00
SERIEA2627_MW24_234_Genoa_Atalanta,24,Genoa,Atalanta,2027-02-13T00:00:00+00:00,0.2108,0.239,0.5501,0.2088,0.2553,0.5359,,,,False,early_week_mode,weekly_update_20260916T191156Z_1c8b4c4f,0.1.0-phase1,2026-09-16T19:11:56+00:00
SERIEA2627_MW25_250_Venezia_Cagliari,25,Venezia,Cagliari,2027-02-20T00:00:00+00:00,0.2332,0.3236,0.4432,0.1746,0.2289,0.5965,,,,False,early_week_mode,weekly_update_20260916T191156Z_1c8b4c4f,0.1.0-phase1,2026-09-16T19:11:56+00:00
SERIEA2627_MW25_249_Udinese_Parma,25,Udinese,Parma,2027-02-20T00:00:00+00:00,0.4855,0.2918,0.2227,0.4687,0.2832,0.2481,,,,False,early_week_mode,weekly_update_20260916T191156Z_1c8b4c4f,0.1.0-phase1,2026-09-16T19:11:56+00:00
SERIEA2627_MW25_248_Sassuolo_Roma,25,Sassuolo,Roma,2027-02-20T00:00:00+00:00,0.1838,0.219,0.5971,0.1836,0.2191,0.5973,,,,False,early_week_mode,weekly_update_20260916T191156Z_1c8b4c4f,0.1.0-phase1,2026-09-16T19:11:56+00:00
SERIEA2627_MW25_247_Milan_Genoa,25,Milan,Genoa,2027-02-20T00:00:00+00:00,0.6037,0.2562,0.14,0.5707,0.2439,0.1855,,,,False,early_week_mode,weekly_update_20260916T191156Z_1c8b4c4f,0.1.0-phase1,2026-09-16T19:11:56+00:00
SERIEA2627_MW25_246_Lecce_Frosinone,25,Lecce,Frosinone,2027-02-20T00:00:00+00:00,0.3482,0.3626,0.2892,0.3299,0.2815,0.3886,,,,False,early_week_mode,weekly_update_20260916T191156Z_1c8b4c4f,0.1.0-phase1,2026-09-16T19:11:56+00:00
SERIEA2627_MW25_245_Lazio_Napoli,25,Lazio,Napoli,2027-02-20T00:00:00+00:00,0.3033,0.2765,0.4202,0.2891,0.2832,0.4277,,,,False,early_week_mode,weekly_update_20260916T191156Z_1c8b4c4f,0.1.0-phase1,2026-09-16T19:11:56+00:00
SERIEA2627_MW25_244_Juventus_Bologna,25,Juventus,Bologna,2027-02-20T00:00:00+00:00,0.5776,0.264,0.1584,0.5122,0.261,0.2269,,,,False,early_week_mode,weekly_update_20260916T191156Z_1c8b4c4f,0.1.0-phase1,2026-09-16T19:11:56+00:00
SERIEA2627_MW25_243_Fiorentina_Internazionale,25,Fiorentina,Internazionale,2027-02-20T00:00:00+00:00,0.147,0.1944,0.6586,0.1515,0.1797,0.6688,,,,False,early_week_mode,weekly_update_20260916T191156Z_1c8b4c4f,0.1.0-phase1,2026-09-16T19:11:56+00:00
SERIEA2627_MW25_241_Atalanta_Monza,25,Atalanta,Monza,2027-02-20T00:00:00+00:00,0.6812,0.2117,0.1072,0.8216,0.1183,0.0601,,,,False,early_week_mode,weekly_update_20260916T191156Z_1c8b4c4f,0.1.0-phase1,2026-09-16T19:11:56+00:00
SERIEA2627_MW25_242_Como_Torino,25,Como,Torino,2027-02-20T00:00:00+00:00,0.6219,0.2354,0.1427,0.6576,0.2022,0.1403,,,,False,early_week_mode,weekly_update_20260916T191156Z_1c8b4c4f,0.1.0-phase1,2026-09-16T19:11:56+00:00
SERIEA2627_MW26_256_Internazionale_Atalanta,26,Internazionale,Atalanta,2027-02-27T00:00:00+00:00,0.5687,0.2519,0.1794,0.5491,0.2203,0.2306,,,,False,early_week_mode,weekly_update_20260916T191156Z_1c8b4c4f,0.1.0-phase1,2026-09-16T19:11:56+00:00
SERIEA2627_MW26_260_Torino_Fiorentina,26,Torino,Fiorentina,2027-02-27T00:00:00+00:00,0.3571,0.293,0.3498,0.3434,0.2601,0.3964,,,,False,early_week_mode,weekly_update_20260916T191156Z_1c8b4c4f,0.1.0-phase1,2026-09-16T19:11:56+00:00
SERIEA2627_MW26_259_Roma_Venezia,26,Roma,Venezia,2027-02-27T00:00:00+00:00,0.742,0.1778,0.0802,0.877,0.089,0.034,,,,False,early_week_mode,weekly_update_20260916T191156Z_1c8b4c4f,0.1.0-phase1,2026-09-16T19:11:56+00:00
SERIEA2627_MW26_258_Parma_Sassuolo,26,Parma,Sassuolo,2027-02-27T00:00:00+00:00,0.2943,0.2859,0.4197,0.2869,0.2796,0.4335,,,,False,early_week_mode,weekly_update_20260916T191156Z_1c8b4c4f,0.1.0-phase1,2026-09-16T19:11:56+00:00
SERIEA2627_MW26_257_Monza_Juventus,26,Monza,Juventus,2027-02-27T00:00:00+00:00,0.1142,0.2046,0.6812,0.0734,0.1392,0.7873,,,,False,early_week_mode,weekly_update_20260916T191156Z_1c8b4c4f,0.1.0-phase1,2026-09-16T19:11:56+00:00
SERIEA2627_MW26_255_Genoa_Lazio,26,Genoa,Lazio,2027-02-27T00:00:00+00:00,0.2358,0.2606,0.5036,0.268,0.2846,0.4475,,,,False,early_week_mode,weekly_update_20260916T191156Z_1c8b4c4f,0.1.0-phase1,2026-09-16T19:11:56+00:00
SERIEA2627_MW26_254_Frosinone_Napoli,26,Frosinone,Napoli,2027-02-27T00:00:00+00:00,0.1697,0.2385,0.5918,0.1715,0.2164,0.612,,,,False,early_week_mode,weekly_update_20260916T191156Z_1c8b4c4f,0.1.0-phase1,2026-09-16T19:11:56+00:00
SERIEA2627_MW26_252_Cagliari_Udinese,26,Cagliari,Udinese,2027-02-27T00:00:00+00:00,0.3634,0.2868,0.3498,0.3585,0.2706,0.3709,,,,False,early_week_mode,weekly_update_20260916T191156Z_1c8b4c4f,0.1.0-phase1,2026-09-16T19:11:56+00:00
SERIEA2627_MW26_251_Bologna_Lecce,26,Bologna,Lecce,2027-02-27T00:00:00+00:00,0.5096,0.2976,0.1927,0.5433,0.2681,0.1886,,,,False,early_week_mode,weekly_update_20260916T191156Z_1c8b4c4f,0.1.0-phase1,2026-09-16T19:11:56+00:00
SERIEA2627_MW26_253_Como_Milan,26,Como,Milan,2027-02-27T00:00:00+00:00,0.4527,0.2838,0.2635,0.4638,0.2593,0.2769,,,,False,early_week_mode,weekly_update_20260916T191156Z_1c8b4c4f,0.1.0-phase1,2026-09-16T19:11:56+00:00
SERIEA2627_MW27_270_Udinese_Internazionale,27,Udinese,Internazionale,2027-03-06T00:00:00+00:00,0.1404,0.18,0.6795,0.1461,0.1767,0.6772,,,,False,early_week_mode,weekly_update_20260916T191156Z_1c8b4c4f,0.1.0-phase1,2026-09-16T19:11:56+00:00
SERIEA2627_MW27_269_Sassuolo_Bologna,27,Sassuolo,Bologna,2027-03-06T00:00:00+00:00,0.3911,0.2809,0.328,0.3526,0.2555,0.392,,,,False,early_week_mode,weekly_update_20260916T191156Z_1c8b4c4f,0.1.0-phase1,2026-09-16T19:11:56+00:00
SERIEA2627_MW27_268_Napoli_Parma,27,Napoli,Parma,2027-03-06T00:00:00+00:00,0.6706,0.2254,0.1039,0.6229,0.2436,0.1336,,,,False,early_week_mode,weekly_update_20260916T191156Z_1c8b4c4f,0.1.0-phase1,2026-09-16T19:11:56+00:00
SERIEA2627_MW27_267_Monza_Genoa,27,Monza,Genoa,2027-03-06T00:00:00+00:00,0.2655,0.3373,0.3971,0.2033,0.2342,0.5625,,,,False,early_week_mode,weekly_update_20260916T191156Z_1c8b4c4f,0.1.0-phase1,2026-09-16T19:11:56+00:00
SERIEA2627_MW27_266_Milan_Cagliari,27,Milan,Cagliari,2027-03-06T00:00:00+00:00,0.5861,0.2625,0.1513,0.5603,0.2444,0.1953,,,,False,early_week_mode,weekly_update_20260916T191156Z_1c8b4c4f,0.1.0-phase1,2026-09-16T19:11:56+00:00
SERIEA2627_MW27_262_Fiorentina_Venezia,27,Fiorentina,Venezia,2027-03-06T00:00:00+00:00,0.5914,0.266,0.1426,0.7086,0.1759,0.1155,,,,False,early_week_mode,weekly_update_20260916T191156Z_1c8b4c4f,0.1.0-phase1,2026-09-16T19:11:56+00:00
SERIEA2627_MW27_264_Lazio_Frosinone,27,Lazio,Frosinone,2027-03-06T00:00:00+00:00,0.5712,0.2871,0.1417,0.5556,0.2363,0.2081,,,,False,early_week_mode,weekly_update_20260916T191156Z_1c8b4c4f,0.1.0-phase1,2026-09-16T19:11:56+00:00
SERIEA2627_MW27_263_Juventus_Roma,27,Juventus,Roma,2027-03-06T00:00:00+00:00,0.3517,0.3126,0.3357,0.3235,0.2829,0.3936,,,,False,early_week_mode,weekly_update_20260916T191156Z_1c8b4c4f,0.1.0-phase1,2026-09-16T19:11:56+00:00
SERIEA2627_MW27_261_Atalanta_Torino,27,Atalanta,Torino,2027-03-06T00:00:00+00:00,0.5713,0.2562,0.1725,0.6023,0.2243,0.1734,,,,False,early_week_mode,weekly_update_20260916T191156Z_1c8b4c4f,0.1.0-phase1,2026-09-16T19:11:56+00:00
SERIEA2627_MW27_265_Lecce_Como,27,Lecce,Como,2027-03-06T00:00:00+00:00,0.1445,0.2012,0.6543,0.1266,0.2225,0.6509,,,,False,early_week_mode,weekly_update_20260916T191156Z_1c8b4c4f,0.1.0-phase1,2026-09-16T19:11:56+00:00
SERIEA2627_MW28_272_Cagliari_Fiorentina,28,Cagliari,Fiorentina,2027-03-13T00:00:00+00:00,0.3528,0.2772,0.3699,0.3509,0.2703,0.3787,,,,False,early_week_mode,weekly_update_20260916T191156Z_1c8b4c4f,0.1.0-phase1,2026-09-16T19:11:56+00:00
SERIEA2627_MW28_271_Bologna_Napoli,28,Bologna,Napoli,2027-03-13T00:00:00+00:00,0.2265,0.2478,0.5257,0.2676,0.2708,0.4616,,,,False,early_week_mode,weekly_update_20260916T191156Z_1c8b4c4f,0.1.0-phase1,2026-09-16T19:11:56+00:00
SERIEA2627_MW28_273_Como_Udinese,28,Como,Udinese,2027-03-13T00:00:00+00:00,0.6065,0.2438,0.1498,0.619,0.2137,0.1673,,,,False,early_week_mode,weekly_update_20260916T191156Z_1c8b4c4f,0.1.0-phase1,2026-09-16T19:11:56+00:00
SERIEA2627_MW28_274_Frosinone_Monza,28,Frosinone,Monza,2027-03-13T00:00:00+00:00,0.4904,0.2856,0.224,0.6197,0.1991,0.1812,,,,False,early_week_mode,weekly_update_20260916T191156Z_1c8b4c4f,0.1.0-phase1,2026-09-16T19:11:56+00:00
SERIEA2627_MW28_276_Lazio_Juventus,28,Lazio,Juventus,2027-03-13T00:00:00+00:00,0.304,0.2823,0.4137,0.2892,0.2847,0.4261,,,,False,early_week_mode,weekly_update_20260916T191156Z_1c8b4c4f,0.1.0-phase1,2026-09-16T19:11:56+00:00
SERIEA2627_MW28_280_Venezia_Atalanta,28,Venezia,Atalanta,2027-03-13T00:00:00+00:00,0.1339,0.2139,0.6522,0.0727,0.141,0.7863,,,,False,early_week_mode,weekly_update_20260916T191156Z_1c8b4c4f,0.1.0-phase1,2026-09-16T19:11:56+00:00
SERIEA2627_MW28_279_Torino_Internazionale,28,Torino,Internazionale,2027-03-13T00:00:00+00:00,0.127,0.1763,0.6967,0.1197,0.1635,0.7168,,,,False,early_week_mode,weekly_update_20260916T191156Z_1c8b4c4f,0.1.0-phase1,2026-09-16T19:11:56+00:00
SERIEA2627_MW28_278_Parma_Lecce,28,Parma,Lecce,2027-03-13T00:00:00+00:00,0.3973,0.3358,0.2668,0.3776,0.3363,0.2861,,,,False,early_week_mode,weekly_update_20260916T191156Z_1c8b4c4f,0.1.0-phase1,2026-09-16T19:11:56+00:00
SERIEA2627_MW28_277_Milan_Sassuolo,28,Milan,Sassuolo,2027-03-13T00:00:00+00:00,0.5548,0.2633,0.1819,0.547,0.2296,0.2234,,,,False,early_week_mode,weekly_update_20260916T191156Z_1c8b4c4f,0.1.0-phase1,2026-09-16T19:11:56+00:00
SERIEA2627_MW28_275_Genoa_Roma,28,Genoa,Roma,2027-03-13T00:00:00+00:00,0.1447,0.2062,0.6491,0.153,0.2319,0.615,,,,False,early_week_mode,weekly_update_20260916T191156Z_1c8b4c4f,0.1.0-phase1,2026-09-16T19:11:56+00:00
SERIEA2627_MW29_283_Internazionale_Frosinone,29,Internazionale,Frosinone,2027-03-20T00:00:00+00:00,0.7289,0.1874,0.0837,0.8112,0.1157,0.0732,,,,False,early_week_mode,weekly_update_20260916T191156Z_1c8b4c4f,0.1.0-phase1,2026-09-16T19:11:56+00:00
SERIEA2627_MW29_290_Udinese_Torino,29,Udinese,Torino,2027-03-20T00:00:00+00:00,0.4228,0.2863,0.2909,0.4423,0.2564,0.3014,,,,False,early_week_mode,weekly_update_20260916T191156Z_1c8b4c4f,0.1.0-phase1,2026-09-16T19:11:56+00:00
SERIEA2627_MW29_289_Sassuolo_Cagliari,29,Sassuolo,Cagliari,2027-03-20T00:00:00+00:00,0.4483,0.2925,0.2592,0.4364,0.2569,0.3067,,,,False,early_week_mode,weekly_update_20260916T191156Z_1c8b4c4f,0.1.0-phase1,2026-09-16T19:11:56+00:00
SERIEA2627_MW29_288_Roma_Lecce,29,Roma,Lecce,2027-03-20T00:00:00+00:00,0.7007,0.2049,0.0944,0.7165,0.1939,0.0895,,,,False,early_week_mode,weekly_update_20260916T191156Z_1c8b4c4f,0.1.0-phase1,2026-09-16T19:11:56+00:00
SERIEA2627_MW29_287_Parma_Lazio,29,Parma,Lazio,2027-03-20T00:00:00+00:00,0.2174,0.2553,0.5273,0.225,0.2983,0.4767,,,,False,early_week_mode,weekly_update_20260916T191156Z_1c8b4c4f,0.1.0-phase1,2026-09-16T19:11:56+00:00
SERIEA2627_MW29_286_Napoli_Venezia,29,Napoli,Venezia,2027-03-20T00:00:00+00:00,0.7245,0.1907,0.0848,0.834,0.116,0.0501,,,,False,early_week_mode,weekly_update_20260916T191156Z_1c8b4c4f,0.1.0-phase1,2026-09-16T19:11:56+00:00
SERIEA2627_MW29_285_Monza_Bologna,29,Monza,Bologna,2027-03-20T00:00:00+00:00,0.2091,0.3009,0.4899,0.1352,0.1892,0.6757,,,,False,early_week_mode,weekly_update_20260916T191156Z_1c8b4c4f,0.1.0-phase1,2026-09-16T19:11:56+00:00
SERIEA2627_MW29_284_Juventus_Como,29,Juventus,Como,2027-03-20T00:00:00+00:00,0.3852,0.3129,0.302,0.3584,0.2765,0.3651,,,,False,early_week_mode,weekly_update_20260916T191156Z_1c8b4c4f,0.1.0-phase1,2026-09-16T19:11:56+00:00
SERIEA2627_MW29_282_Fiorentina_Genoa,29,Fiorentina,Genoa,2027-03-20T00:00:00+00:00,0.4741,0.2927,0.2331,0.4428,0.2685,0.2887,,,,False,early_week_mode,weekly_update_20260916T191156Z_1c8b4c4f,0.1.0-phase1,2026-09-16T19:11:56+00:00
SERIEA2627_MW29_281_Atalanta_Milan,29,Atalanta,Milan,2027-03-20T00:00:00+00:00,0.3841,0.2918,0.3241,0.4091,0.2681,0.3228,,,,False,early_week_mode,weekly_update_20260916T191156Z_1c8b4c4f,0.1.0-phase1,2026-09-16T19:11:56+00:00
SERIEA2627_MW30_293_Frosinone_Udinese,30,Frosinone,Udinese,2027-04-03T00:00:00+00:00,0.3092,0.3241,0.3667,0.3257,0.2459,0.4284,,,,False,early_week_mode,weekly_update_20260916T191156Z_1c8b4c4f,0.1.0-phase1,2026-09-16T19:11:56+00:00
SERIEA2627_MW30_292_Como_Fiorentina,30,Como,Fiorentina,2027-04-03T00:00:00+00:00,0.5883,0.2498,0.162,0.6109,0.2164,0.1727,,,,False,early_week_mode,weekly_update_20260916T191156Z_1c8b4c4f,0.1.0-phase1,2026-09-16T19:11:56+00:00
SERIEA2627_MW30_291_Cagliari_Napoli,30,Cagliari,Napoli,2027-04-03T00:00:00+00:00,0.1917,0.2107,0.5976,0.203,0.2563,0.5406,,,,False,early_week_mode,weekly_update_20260916T191156Z_1c8b4c4f,0.1.0-phase1,2026-09-16T19:11:56+00:00
SERIEA2627_MW30_294_Genoa_Internazionale,30,Genoa,Internazionale,2027-04-03T00:00:00+00:00,0.1131,0.165,0.7219,0.1224,0.1761,0.7015,,,,False,early_week_mode,weekly_update_20260916T191156Z_1c8b4c4f,0.1.0-phase1,2026-09-16T19:11:56+00:00
SERIEA2627_MW30_296_Milan_Monza,30,Milan,Monza,2027-04-03T00:00:00+00:00,0.6827,0.2127,0.1046,0.8085,0.1252,0.0663,,,,False,early_week_mode,weekly_update_20260916T191156Z_1c8b4c4f,0.1.0-phase1,2026-09-16T19:11:56+00:00
SERIEA2627_MW30_295_Lecce_Lazio,30,Lecce,Lazio,2027-04-03T00:00:00+00:00,0.2084,0.2413,0.5503,0.2037,0.2846,0.5118,,,,False,early_week_mode,weekly_update_20260916T191156Z_1c8b4c4f,0.1.0-phase1,2026-09-16T19:11:56+00:00
SERIEA2627_MW30_300_Venezia_Parma,30,Venezia,Parma,2027-04-03T00:00:00+00:00,0.2831,0.352,0.365,0.2215,0.2768,0.5017,,,,False,early_week_mode,weekly_update_20260916T191156Z_1c8b4c4f,0.1.0-phase1,2026-09-16T19:11:56+00:00
SERIEA2627_MW30_299_Torino_Juventus,30,Torino,Juventus,2027-04-03T00:00:00+00:00,0.195,0.2304,0.5746,0.1947,0.243,0.5623,,,,False,early_week_mode,weekly_update_20260916T191156Z_1c8b4c4f,0.1.0-phase1,2026-09-16T19:11:56+00:00
SERIEA2627_MW30_298_Sassuolo_Atalanta,30,Sassuolo,Atalanta,2027-04-03T00:00:00+00:00,0.2677,0.249,0.4833,0.2517,0.2389,0.5093,,,,False,early_week_mode,weekly_update_20260916T191156Z_1c8b4c4f,0.1.0-phase1,2026-09-16T19:11:56+00:00
SERIEA2627_MW30_297_Roma_Bologna,30,Roma,Bologna,2027-04-03T00:00:00+00:00,0.6168,0.2424,0.1408,0.5802,0.2385,0.1813,,,,False,early_week_mode,weekly_update_20260916T191156Z_1c8b4c4f,0.1.0-phase1,2026-09-16T19:11:56+00:00
SERIEA2627_MW31_310_Udinese_Monza,31,Udinese,Monza,2027-04-10T00:00:00+00:00,0.5579,0.2712,0.1709,0.6891,0.1787,0.1322,,,,False,early_week_mode,weekly_update_20260916T191156Z_1c8b4c4f,0.1.0-phase1,2026-09-16T19:11:56+00:00
SERIEA2627_MW31_309_Parma_Como,31,Parma,Como,2027-04-10T00:00:00+00:00,0.151,0.2132,0.6358,0.1445,0.241,0.6144,,,,False,early_week_mode,weekly_update_20260916T191156Z_1c8b4c4f,0.1.0-phase1,2026-09-16T19:11:56+00:00
SERIEA2627_MW31_308_Napoli_Sassuolo,31,Napoli,Sassuolo,2027-04-10T00:00:00+00:00,0.604,0.2492,0.1468,0.5832,0.2248,0.192,,,,False,early_week_mode,weekly_update_20260916T191156Z_1c8b4c4f,0.1.0-phase1,2026-09-16T19:11:56+00:00
SERIEA2627_MW31_307_Lazio_Torino,31,Lazio,Torino,2027-04-10T00:00:00+00:00,0.5369,0.2735,0.1896,0.5095,0.2592,0.2313,,,,False,early_week_mode,weekly_update_20260916T191156Z_1c8b4c4f,0.1.0-phase1,2026-09-16T19:11:56+00:00
SERIEA2627_MW31_306_Juventus_Lecce,31,Juventus,Lecce,2027-04-10T00:00:00+00:00,0.6683,0.2267,0.105,0.6563,0.2262,0.1175,,,,False,early_week_mode,weekly_update_20260916T191156Z_1c8b4c4f,0.1.0-phase1,2026-09-16T19:11:56+00:00
SERIEA2627_MW31_305_Internazionale_Roma,31,Internazionale,Roma,2027-04-10T00:00:00+00:00,0.46,0.2831,0.2569,0.4477,0.2419,0.3104,,,,False,early_week_mode,weekly_update_20260916T191156Z_1c8b4c4f,0.1.0-phase1,2026-09-16T19:11:56+00:00
SERIEA2627_MW31_304_Frosinone_Genoa,31,Frosinone,Genoa,2027-04-10T00:00:00+00:00,0.363,0.3288,0.3081,0.3653,0.2658,0.3689,,,,False,early_week_mode,weekly_update_20260916T191156Z_1c8b4c4f,0.1.0-phase1,2026-09-16T19:11:56+00:00
SERIEA2627_MW31_303_Fiorentina_Milan,31,Fiorentina,Milan,2027-04-10T00:00:00+00:00,0.2588,0.2649,0.4763,0.2684,0.2519,0.4797,,,,False,early_week_mode,weekly_update_20260916T191156Z_1c8b4c4f,0.1.0-phase1,2026-09-16T19:11:56+00:00
SERIEA2627_MW31_302_Cagliari_Atalanta,31,Cagliari,Atalanta,2027-04-10T00:00:00+00:00,0.2348,0.2358,0.5293,0.2196,0.2553,0.5251,,,,False,early_week_mode,weekly_update_20260916T191156Z_1c8b4c4f,0.1.0-phase1,2026-09-16T19:11:56+00:00
SERIEA2627_MW31_301_Bologna_Venezia,31,Bologna,Venezia,2027-04-10T00:00:00+00:00,0.5835,0.2663,0.1501,0.7353,0.168,0.0967,,,,False,early_week_mode,weekly_update_20260916T191156Z_1c8b4c4f,0.1.0-phase1,2026-09-16T19:11:56+00:00
SERIEA2627_MW32_313_Como_Frosinone,32,Como,Frosinone,2027-04-17T00:00:00+00:00,0.6518,0.2374,0.1109,0.7059,0.175,0.1192,,,,False,early_week_mode,weekly_update_20260916T191156Z_1c8b4c4f,0.1.0-phase1,2026-09-16T19:11:56+00:00
SERIEA2627_MW32_312_Bologna_Cagliari,32,Bologna,Cagliari,2027-04-17T00:00:00+00:00,0.4466,0.3071,0.2463,0.4666,0.2706,0.2628,,,,False,early_week_mode,weekly_update_20260916T191156Z_1c8b4c4f,0.1.0-phase1,2026-09-16T19:11:56+00:00
SERIEA2627_MW32_311_Atalanta_Udinese,32,Atalanta,Udinese,2027-04-17T00:00:00+00:00,0.5512,0.2646,0.1842,0.562,0.2335,0.2045,,,,False,early_week_mode,weekly_update_20260916T191156Z_1c8b4c4f,0.1.0-phase1,2026-09-16T19:11:56+00:00
SERIEA2627_MW32_314_Fiorentina_Parma,32,Fiorentina,Parma,2027-04-17T00:00:00+00:00,0.5059,0.2832,0.2108,0.4764,0.2814,0.2422,,,,False,early_week_mode,weekly_update_20260916T191156Z_1c8b4c4f,0.1.0-phase1,2026-09-16T19:11:56+00:00
SERIEA2627_MW32_315_Milan_Napoli,32,Milan,Napoli,2027-04-17T00:00:00+00:00,0.3466,0.2842,0.3692,0.3473,0.2765,0.3762,,,,False,early_week_mode,weekly_update_20260916T191156Z_1c8b4c4f,0.1.0-phase1,2026-09-16T19:11:56+00:00
SERIEA2627_MW32_316_Monza_Internazionale,32,Monza,Internazionale,2027-04-17T00:00:00+00:00,0.0787,0.1593,0.7621,0.0304,0.0641,0.9055,,,,False,early_week_mode,weekly_update_20260916T191156Z_1c8b4c4f,0.1.0-phase1,2026-09-16T19:11:56+00:00
SERIEA2627_MW32_317_Roma_Lazio,32,Roma,Lazio,2027-04-17T00:00:00+00:00,0.5339,0.2702,0.1959,0.5432,0.256,0.2008,,,,False,early_week_mode,weekly_update_20260916T191156Z_1c8b4c4f,0.1.0-phase1,2026-09-16T19:11:56+00:00
SERIEA2627_MW32_320_Venezia_Juventus,32,Venezia,Juventus,2027-04-17T00:00:00+00:00,0.1142,0.1943,0.6915,0.067,0.1399,0.7931,,,,False,early_week_mode,weekly_update_20260916T191156Z_1c8b4c4f,0.1.0-phase1,2026-09-16T19:11:56+00:00
SERIEA2627_MW32_319_Torino_Genoa,32,Torino,Genoa,2027-04-17T00:00:00+00:00,0.4308,0.3069,0.2623,0.3872,0.2791,0.3337,,,,False,early_week_mode,weekly_update_20260916T191156Z_1c8b4c4f,0.1.0-phase1,2026-09-16T19:11:56+00:00
SERIEA2627_MW32_318_Sassuolo_Lecce,32,Sassuolo,Lecce,2027-04-17T00:00:00+00:00,0.516,0.285,0.199,0.522,0.2578,0.2202,,,,False,early_week_mode,weekly_update_20260916T191156Z_1c8b4c4f,0.1.0-phase1,2026-09-16T19:11:56+00:00
SERIEA2627_MW33_330_Venezia_Torino,33,Venezia,Torino,2027-04-24T00:00:00+00:00,0.2303,0.3032,0.4665,0.1816,0.2224,0.596,,,,False,early_week_mode,weekly_update_20260916T191156Z_1c8b4c4f,0.1.0-phase1,2026-09-16T19:11:56+00:00
SERIEA2627_MW33_329_Parma_Atalanta,33,Parma,Atalanta,2027-04-24T00:00:00+00:00,0.1942,0.2303,0.5755,0.1744,0.2629,0.5626,,,,False,early_week_mode,weekly_update_20260916T191156Z_1c8b4c4f,0.1.0-phase1,2026-09-16T19:11:56+00:00
SERIEA2627_MW33_328_Napoli_Udinese,33,Napoli,Udinese,2027-04-24T00:00:00+00:00,0.6055,0.2518,0.1427,0.5781,0.2334,0.1885,,,,False,early_week_mode,weekly_update_20260916T191156Z_1c8b4c4f,0.1.0-phase1,2026-09-16T19:11:56+00:00
SERIEA2627_MW33_327_Lecce_Milan,33,Lecce,Milan,2027-04-24T00:00:00+00:00,0.1771,0.2192,0.6037,0.1655,0.2516,0.5829,,,,False,early_week_mode,weekly_update_20260916T191156Z_1c8b4c4f,0.1.0-phase1,2026-09-16T19:11:56+00:00
SERIEA2627_MW33_325_Juventus_Fiorentina,33,Juventus,Fiorentina,2027-04-24T00:00:00+00:00,0.5845,0.2618,0.1537,0.568,0.2373,0.1946,,,,False,early_week_mode,weekly_update_20260916T191156Z_1c8b4c4f,0.1.0-phase1,2026-09-16T19:11:56+00:00
SERIEA2627_MW33_324_Internazionale_Bologna,33,Internazionale,Bologna,2027-04-24T00:00:00+00:00,0.6734,0.2104,0.1161,0.6652,0.1862,0.1486,,,,False,early_week_mode,weekly_update_20260916T191156Z_1c8b4c4f,0.1.0-phase1,2026-09-16T19:11:56+00:00
SERIEA2627_MW33_323_Genoa_Sassuolo,33,Genoa,Sassuolo,2027-04-24T00:00:00+00:00,0.3211,0.2843,0.3946,0.3411,0.2636,0.3954,,,,False,early_week_mode,weekly_update_20260916T191156Z_1c8b4c4f,0.1.0-phase1,2026-09-16T19:11:56+00:00
SERIEA2627_MW33_322_Frosinone_Roma,33,Frosinone,Roma,2027-04-24T00:00:00+00:00,0.1409,0.2278,0.6313,0.1312,0.19,0.6788,,,,False,early_week_mode,weekly_update_20260916T191156Z_1c8b4c4f,0.1.0-phase1,2026-09-16T19:11:56+00:00
SERIEA2627_MW33_321_Cagliari_Monza,33,Cagliari,Monza,2027-04-24T00:00:00+00:00,0.5277,0.2852,0.1871,0.6364,0.2072,0.1563,,,,False,early_week_mode,weekly_update_20260916T191156Z_1c8b4c4f,0.1.0-phase1,2026-09-16T19:11:56+00:00
SERIEA2627_MW33_326_Lazio_Como,33,Lazio,Como,2027-04-24T00:00:00+00:00,0.2985,0.2911,0.4104,0.2673,0.2689,0.4638,,,,False,early_week_mode,weekly_update_20260916T191156Z_1c8b4c4f,0.1.0-phase1,2026-09-16T19:11:56+00:00
SERIEA2627_MW34_340_Udinese_Genoa,34,Udinese,Genoa,2027-05-01T00:00:00+00:00,0.4561,0.2973,0.2466,0.4347,0.2697,0.2956,,,,False,early_week_mode,weekly_update_20260916T191156Z_1c8b4c4f,0.1.0-phase1,2026-09-16T19:11:56+00:00
SERIEA2627_MW34_339_Torino_Parma,34,Torino,Parma,2027-05-01T00:00:00+00:00,0.4617,0.3016,0.2368,0.4219,0.2968,0.2813,,,,False,early_week_mode,weekly_update_20260916T191156Z_1c8b4c4f,0.1.0-phase1,2026-09-16T19:11:56+00:00
SERIEA2627_MW34_338_Sassuolo_Frosinone,34,Sassuolo,Frosinone,2027-05-01T00:00:00+00:00,0.4801,0.3159,0.204,0.5014,0.2282,0.2703,,,,False,early_week_mode,weekly_update_20260916T191156Z_1c8b4c4f,0.1.0-phase1,2026-09-16T19:11:56+00:00
SERIEA2627_MW34_336_Monza_Venezia,34,Monza,Venezia,2027-05-01T00:00:00+00:00,0.3888,0.3477,0.2635,0.433,0.2455,0.3215,,,,False,early_week_mode,weekly_update_20260916T191156Z_1c8b4c4f,0.1.0-phase1,2026-09-16T19:11:56+00:00
SERIEA2627_MW34_335_Milan_Lazio,34,Milan,Lazio,2027-05-01T00:00:00+00:00,0.4435,0.2945,0.262,0.4444,0.2734,0.2822,,,,False,early_week_mode,weekly_update_20260916T191156Z_1c8b4c4f,0.1.0-phase1,2026-09-16T19:11:56+00:00
SERIEA2627_MW34_334_Lecce_Cagliari,34,Lecce,Cagliari,2027-05-01T00:00:00+00:00,0.3199,0.3078,0.3723,0.2849,0.3045,0.4106,,,,False,early_week_mode,weekly_update_20260916T191156Z_1c8b4c4f,0.1.0-phase1,2026-09-16T19:11:56+00:00
SERIEA2627_MW34_333_Como_Internazionale,34,Como,Internazionale,2027-05-01T00:00:00+00:00,0.304,0.2699,0.4261,0.3299,0.2374,0.4327,,,,False,early_week_mode,weekly_update_20260916T191156Z_1c8b4c4f,0.1.0-phase1,2026-09-16T19:11:56+00:00
SERIEA2627_MW34_332_Bologna_Fiorentina,34,Bologna,Fiorentina,2027-05-01T00:00:00+00:00,0.4027,0.2956,0.3017,0.438,0.261,0.3009,,,,False,early_week_mode,weekly_update_20260916T191156Z_1c8b4c4f,0.1.0-phase1,2026-09-16T19:11:56+00:00
SERIEA2627_MW34_331_Atalanta_Juventus,34,Atalanta,Juventus,2027-05-01T00:00:00+00:00,0.3332,0.2868,0.38,0.3641,0.279,0.3569,,,,False,early_week_mode,weekly_update_20260916T191156Z_1c8b4c4f,0.1.0-phase1,2026-09-16T19:11:56+00:00
SERIEA2627_MW34_337_Roma_Napoli,34,Roma,Napoli,2027-05-01T00:00:00+00:00,0.4392,0.2799,0.2809,0.4444,0.276,0.2796,,,,False,early_week_mode,weekly_update_20260916T191156Z_1c8b4c4f,0.1.0-phase1,2026-09-16T19:11:56+00:00
SERIEA2627_MW35_350_Venezia_Como,35,Venezia,Como,2027-05-08T00:00:00+00:00,0.1063,0.2,0.6937,0.0542,0.1163,0.8295,,,,False,early_week_mode,weekly_update_20260916T191156Z_1c8b4c4f,0.1.0-phase1,2026-09-16T19:11:56+00:00
SERIEA2627_MW35_349_Udinese_Juventus,35,Udinese,Juventus,2027-05-08T00:00:00+00:00,0.2175,0.2332,0.5493,0.2276,0.2502,0.5222,,,,False,early_week_mode,weekly_update_20260916T191156Z_1c8b4c4f,0.1.0-phase1,2026-09-16T19:11:56+00:00
SERIEA2627_MW35_348_Torino_Bologna,35,Torino,Bologna,2027-05-08T00:00:00+00:00,0.3501,0.2923,0.3576,0.2992,0.2663,0.4345,,,,False,early_week_mode,weekly_update_20260916T191156Z_1c8b4c4f,0.1.0-phase1,2026-09-16T19:11:56+00:00
SERIEA2627_MW35_347_Parma_Milan,35,Parma,Milan,2027-05-08T00:00:00+00:00,0.1846,0.2312,0.5842,0.1859,0.2678,0.5463,,,,False,early_week_mode,weekly_update_20260916T191156Z_1c8b4c4f,0.1.0-phase1,2026-09-16T19:11:56+00:00
SERIEA2627_MW35_346_Napoli_Monza,35,Napoli,Monza,2027-05-08T00:00:00+00:00,0.7161,0.1947,0.0892,0.8299,0.1154,0.0547,,,,False,early_week_mode,weekly_update_20260916T191156Z_1c8b4c4f,0.1.0-phase1,2026-09-16T19:11:56+00:00
SERIEA2627_MW35_345_Lazio_Sassuolo,35,Lazio,Sassuolo,2027-05-08T00:00:00+00:00,0.5109,0.2768,0.2123,0.4711,0.2541,0.2749,,,,False,early_week_mode,weekly_update_20260916T191156Z_1c8b4c4f,0.1.0-phase1,2026-09-16T19:11:56+00:00
SERIEA2627_MW35_344_Internazionale_Lecce,35,Internazionale,Lecce,2027-05-08T00:00:00+00:00,0.7469,0.1726,0.0805,0.8011,0.1336,0.0652,,,,False,early_week_mode,weekly_update_20260916T191156Z_1c8b4c4f,0.1.0-phase1,2026-09-16T19:11:56+00:00
SERIEA2627_MW35_343_Genoa_Cagliari,35,Genoa,Cagliari,2027-05-08T00:00:00+00:00,0.3617,0.3107,0.3276,0.3651,0.2904,0.3445,,,,False,early_week_mode,weekly_update_20260916T191156Z_1c8b4c4f,0.1.0-phase1,2026-09-16T19:11:56+00:00
SERIEA2627_MW35_342_Frosinone_Atalanta,35,Frosinone,Atalanta,2027-05-08T00:00:00+00:00,0.202,0.2593,0.5387,0.1866,0.2174,0.5959,,,,False,early_week_mode,weekly_update_20260916T191156Z_1c8b4c4f,0.1.0-phase1,2026-09-16T19:11:56+00:00
SERIEA2627_MW35_341_Fiorentina_Roma,35,Fiorentina,Roma,2027-05-08T00:00:00+00:00,0.188,0.236,0.576,0.1859,0.2302,0.5839,,,,False,early_week_mode,weekly_update_20260916T191156Z_1c8b4c4f,0.1.0-phase1,2026-09-16T19:11:56+00:00
SERIEA2627_MW36_356_Lecce_Fiorentina,36,Lecce,Fiorentina,2027-05-15T00:00:00+00:00,0.2845,0.2736,0.442,0.2576,0.2805,0.4619,,,,False,early_week_mode,weekly_update_20260916T191156Z_1c8b4c4f,0.1.0-phase1,2026-09-16T19:11:56+00:00
SERIEA2627_MW36_355_Lazio_Udinese,36,Lazio,Udinese,2027-05-15T00:00:00+00:00,0.5159,0.2802,0.2039,0.469,0.2632,0.2677,,,,False,early_week_mode,weekly_update_20260916T191156Z_1c8b4c4f,0.1.0-phase1,2026-09-16T19:11:56+00:00
SERIEA2627_MW36_354_Juventus_Internazionale,36,Juventus,Internazionale,2027-05-15T00:00:00+00:00,0.2981,0.2884,0.4134,0.2982,0.2431,0.4587,,,,False,early_week_mode,weekly_update_20260916T191156Z_1c8b4c4f,0.1.0-phase1,2026-09-16T19:11:56+00:00
SERIEA2627_MW36_353_Como_Atalanta,36,Como,Atalanta,2027-05-15T00:00:00+00:00,0.4675,0.2817,0.2507,0.4439,0.2631,0.293,,,,False,early_week_mode,weekly_update_20260916T191156Z_1c8b4c4f,0.1.0-phase1,2026-09-16T19:11:56+00:00
SERIEA2627_MW36_352_Cagliari_Torino,36,Cagliari,Torino,2027-05-15T00:00:00+00:00,0.3898,0.2821,0.328,0.3988,0.2747,0.3265,,,,False,early_week_mode,weekly_update_20260916T191156Z_1c8b4c4f,0.1.0-phase1,2026-09-16T19:11:56+00:00
SERIEA2627_MW36_351_Bologna_Frosinone,36,Bologna,Frosinone,2027-05-15T00:00:00+00:00,0.4747,0.3238,0.2015,0.5334,0.2366,0.23,,,,False,early_week_mode,weekly_update_20260916T191156Z_1c8b4c4f,0.1.0-phase1,2026-09-16T19:11:56+00:00
SERIEA2627_MW36_357_Milan_Roma,36,Milan,Roma,2027-05-15T00:00:00+00:00,0.3059,0.2936,0.4005,0.2907,0.2694,0.4399,,,,False,early_week_mode,weekly_update_20260916T191156Z_1c8b4c4f,0.1.0-phase1,2026-09-16T19:11:56+00:00
SERIEA2627_MW36_358_Monza_Parma,36,Monza,Parma,2027-05-15T00:00:00+00:00,0.2941,0.3596,0.3463,0.2429,0.27,0.4872,,,,False,early_week_mode,weekly_update_20260916T191156Z_1c8b4c4f,0.1.0-phase1,2026-09-16T19:11:56+00:00
SERIEA2627_MW36_359_Napoli_Genoa,36,Napoli,Genoa,2027-05-15T00:00:00+00:00,0.6454,0.2391,0.1155,0.6017,0.2383,0.16,,,,False,early_week_mode,weekly_update_20260916T191156Z_1c8b4c4f,0.1.0-phase1,2026-09-16T19:11:56+00:00
SERIEA2627_MW36_360_Sassuolo_Venezia,36,Sassuolo,Venezia,2027-05-15T00:00:00+00:00,0.5922,0.2596,0.1482,0.7205,0.1662,0.1133,,,,False,early_week_mode,weekly_update_20260916T191156Z_1c8b4c4f,0.1.0-phase1,2026-09-16T19:11:56+00:00
SERIEA2627_MW37_370_Venezia_Milan,37,Venezia,Milan,2027-05-22T00:00:00+00:00,0.1281,0.2187,0.6532,0.0796,0.1481,0.7723,,,,False,early_week_mode,weekly_update_20260916T191156Z_1c8b4c4f,0.1.0-phase1,2026-09-16T19:11:56+00:00
SERIEA2627_MW37_368_Torino_Napoli,37,Torino,Napoli,2027-05-22T00:00:00+00:00,0.1915,0.225,0.5835,0.1942,0.2415,0.5643,,,,False,early_week_mode,weekly_update_20260916T191156Z_1c8b4c4f,0.1.0-phase1,2026-09-16T19:11:56+00:00
SERIEA2627_MW37_367_Roma_Como,37,Roma,Como,2027-05-22T00:00:00+00:00,0.433,0.296,0.271,0.4227,0.2701,0.3071,,,,False,early_week_mode,weekly_update_20260916T191156Z_1c8b4c4f,0.1.0-phase1,2026-09-16T19:11:56+00:00
SERIEA2627_MW37_366_Parma_Juventus,37,Parma,Juventus,2027-05-22T00:00:00+00:00,0.1631,0.2092,0.6278,0.1618,0.2653,0.5729,,,,False,early_week_mode,weekly_update_20260916T191156Z_1c8b4c4f,0.1.0-phase1,2026-09-16T19:11:56+00:00
SERIEA2627_MW37_365_Internazionale_Lazio,37,Internazionale,Lazio,2027-05-22T00:00:00+00:00,0.5978,0.2412,0.161,0.6261,0.2043,0.1696,,,,False,early_week_mode,weekly_update_20260916T191156Z_1c8b4c4f,0.1.0-phase1,2026-09-16T19:11:56+00:00
SERIEA2627_MW37_364_Genoa_Bologna,37,Genoa,Bologna,2027-05-22T00:00:00+00:00,0.3131,0.288,0.3989,0.2931,0.2804,0.4266,,,,False,early_week_mode,weekly_update_20260916T191156Z_1c8b4c4f,0.1.0-phase1,2026-09-16T19:11:56+00:00
SERIEA2627_MW37_363_Frosinone_Cagliari,37,Frosinone,Cagliari,2027-05-22T00:00:00+00:00,0.3345,0.3349,0.3306,0.3526,0.262,0.3854,,,,False,early_week_mode,weekly_update_20260916T191156Z_1c8b4c4f,0.1.0-phase1,2026-09-16T19:11:56+00:00
SERIEA2627_MW37_362_Fiorentina_Monza,37,Fiorentina,Monza,2027-05-22T00:00:00+00:00,0.5809,0.267,0.152,0.6973,0.1753,0.1274,,,,False,early_week_mode,weekly_update_20260916T191156Z_1c8b4c4f,0.1.0-phase1,2026-09-16T19:11:56+00:00
SERIEA2627_MW37_361_Atalanta_Lecce,37,Atalanta,Lecce,2027-05-22T00:00:00+00:00,0.6321,0.2412,0.1267,0.6478,0.2253,0.1269,,,,False,early_week_mode,weekly_update_20260916T191156Z_1c8b4c4f,0.1.0-phase1,2026-09-16T19:11:56+00:00
SERIEA2627_MW37_369_Udinese_Sassuolo,37,Udinese,Sassuolo,2027-05-22T00:00:00+00:00,0.3868,0.2839,0.3293,0.3976,0.2463,0.356,,,,False,early_week_mode,weekly_update_20260916T191156Z_1c8b4c4f,0.1.0-phase1,2026-09-16T19:11:56+00:00
SERIEA2627_MW38_378_Monza_Torino,38,Monza,Torino,2027-05-29T00:00:00+00:00,0.2376,0.3163,0.4461,0.2001,0.2195,0.5804,,,,False,early_week_mode,weekly_update_20260916T191156Z_1c8b4c4f,0.1.0-phase1,2026-09-16T19:11:56+00:00
SERIEA2627_MW38_377_Milan_Udinese,38,Milan,Udinese,2027-05-29T00:00:00+00:00,0.5584,0.2664,0.1752,0.5434,0.2379,0.2187,,,,False,early_week_mode,weekly_update_20260916T191156Z_1c8b4c4f,0.1.0-phase1,2026-09-16T19:11:56+00:00
SERIEA2627_MW38_376_Lecce_Venezia,38,Lecce,Venezia,2027-05-29T00:00:00+00:00,0.4571,0.3345,0.2084,0.5249,0.2667,0.2083,,,,False,early_week_mode,weekly_update_20260916T191156Z_1c8b4c4f,0.1.0-phase1,2026-09-16T19:11:56+00:00
SERIEA2627_MW38_375_Lazio_Fiorentina,38,Lazio,Fiorentina,2027-05-29T00:00:00+00:00,0.4982,0.2851,0.2167,0.461,0.2645,0.2745,,,,False,early_week_mode,weekly_update_20260916T191156Z_1c8b4c4f,0.1.0-phase1,2026-09-16T19:11:56+00:00
SERIEA2627_MW38_374_Juventus_Frosinone,38,Juventus,Frosinone,2027-05-29T00:00:00+00:00,0.6432,0.2464,0.1103,0.663,0.1981,0.1389,,,,False,early_week_mode,weekly_update_20260916T191156Z_1c8b4c4f,0.1.0-phase1,2026-09-16T19:11:56+00:00
SERIEA2627_MW38_373_Como_Genoa,38,Como,Genoa,2027-05-29T00:00:00+00:00,0.6441,0.2336,0.1223,0.6419,0.2165,0.1416,,,,False,early_week_mode,weekly_update_20260916T191156Z_1c8b4c4f,0.1.0-phase1,2026-09-16T19:11:56+00:00
SERIEA2627_MW38_372_Cagliari_Roma,38,Cagliari,Roma,2027-05-29T00:00:00+00:00,0.1613,0.2045,0.6342,0.1613,0.2331,0.6056,,,,False,early_week_mode,weekly_update_20260916T191156Z_1c8b4c4f,0.1.0-phase1,2026-09-16T19:11:56+00:00
SERIEA2627_MW38_371_Bologna_Parma,38,Bologna,Parma,2027-05-29T00:00:00+00:00,0.5025,0.2936,0.2039,0.5072,0.2829,0.2099,,,,False,early_week_mode,weekly_update_20260916T191156Z_1c8b4c4f,0.1.0-phase1,2026-09-16T19:11:56+00:00
SERIEA2627_MW38_379_Napoli_Atalanta,38,Napoli,Atalanta,2027-05-29T00:00:00+00:00,0.4648,0.2973,0.2379,0.4083,0.2756,0.3161,,,,False,early_week_mode,weekly_update_20260916T191156Z_1c8b4c4f,0.1.0-phase1,2026-09-16T19:11:56+00:00
SERIEA2627_MW38_380_Sassuolo_Internazionale,38,Sassuolo,Internazionale,2027-05-29T00:00:00+00:00,0.1429,0.1779,0.6792,0.1474,0.1699,0.6826,,,,False,early_week_mode,weekly_update_20260916T191156Z_1c8b4c4f,0.1.0-phase1,2026-09-16T19:11:56+00:00
