run_id,model_name,model_version,data_version,feature_version,metrics,hyperparameters,git_commit_if_available,generated_at,notes
backtest_20260817T230831Z_d584f8f7,Dixon-Coles (main model),0.1.0-phase1,2026-08-18.phase1,0.1.0-phase1,"{""Dixon-Coles (main model)"": 0.9856, ""Elo-only baseline"": 0.9977, ""Previous-season-table baseline"": 1.21, ""Simple Poisson baseline"": 1.0178}",{},no_commit_yet,2026-08-17T23:08:31+00:00,log_loss=0.9856
backtest_20260817T230831Z_d584f8f7,Elo-only baseline,0.1.0-phase1,2026-08-18.phase1,0.1.0-phase1,"{""Dixon-Coles (main model)"": 0.9856, ""Elo-only baseline"": 0.9977, ""Previous-season-table baseline"": 1.21, ""Simple Poisson baseline"": 1.0178}",{},no_commit_yet,2026-08-17T23:08:31+00:00,log_loss=0.9977
backtest_20260817T230831Z_d584f8f7,Previous-season-table baseline,0.1.0-phase1,2026-08-18.phase1,0.1.0-phase1,"{""Dixon-Coles (main model)"": 0.9856, ""Elo-only baseline"": 0.9977, ""Previous-season-table baseline"": 1.21, ""Simple Poisson baseline"": 1.0178}",{},no_commit_yet,2026-08-17T23:08:31+00:00,log_loss=1.21
backtest_20260817T230831Z_d584f8f7,Simple Poisson baseline,0.1.0-phase1,2026-08-18.phase1,0.1.0-phase1,"{""Dixon-Coles (main model)"": 0.9856, ""Elo-only baseline"": 0.9977, ""Previous-season-table baseline"": 1.21, ""Simple Poisson baseline"": 1.0178}",{},no_commit_yet,2026-08-17T23:08:31+00:00,log_loss=1.0178
backtest_20260817T234857Z_67144fb1,Dixon-Coles (main model),0.1.0-phase1,2026-08-18.phase1,0.1.0-phase1,"{""Dixon-Coles (main model)"": 0.9865, ""Elo-only baseline"": 0.9931, ""Previous-season-table baseline"": 1.21, ""Simple Poisson baseline"": 1.0178}",{},4db36b6,2026-08-17T23:48:57+00:00,log_loss=0.9865
backtest_20260817T234857Z_67144fb1,Elo-only baseline,0.1.0-phase1,2026-08-18.phase1,0.1.0-phase1,"{""Dixon-Coles (main model)"": 0.9865, ""Elo-only baseline"": 0.9931, ""Previous-season-table baseline"": 1.21, ""Simple Poisson baseline"": 1.0178}",{},4db36b6,2026-08-17T23:48:57+00:00,log_loss=0.9931
backtest_20260817T234857Z_67144fb1,Previous-season-table baseline,0.1.0-phase1,2026-08-18.phase1,0.1.0-phase1,"{""Dixon-Coles (main model)"": 0.9865, ""Elo-only baseline"": 0.9931, ""Previous-season-table baseline"": 1.21, ""Simple Poisson baseline"": 1.0178}",{},4db36b6,2026-08-17T23:48:57+00:00,log_loss=1.21
backtest_20260817T234857Z_67144fb1,Simple Poisson baseline,0.1.0-phase1,2026-08-18.phase1,0.1.0-phase1,"{""Dixon-Coles (main model)"": 0.9865, ""Elo-only baseline"": 0.9931, ""Previous-season-table baseline"": 1.21, ""Simple Poisson baseline"": 1.0178}",{},4db36b6,2026-08-17T23:48:57+00:00,log_loss=1.0178
ensemble_20260818T022037Z_d7c86828,stacked_ensemble_logreg,0.1.0-phase1,2026-08-18.phase1,0.1.0-phase1,"{""ensemble_log_loss"": 0.9833859742674818, ""ensemble_brier"": 0.585306735738435, ""ensemble_rps"": 0.2030519642218267, ""dc_log_loss"": 0.9865368037056392, ""dc_brier"": 0.5864230436691991, ""dc_rps"": 0.20351385662048616}","{""n_folds"": 5, ""meta_C"": 1.0}",7bb6f3e,2026-08-18T02:20:37+00:00,"{""ensemble_log_loss"": 0.9833859742674818, ""ensemble_brier"": 0.585306735738435, ""ensemble_rps"": 0.2030519642218267, ""dc_log_loss"": 0.9865368037056392, ""dc_brier"": 0.5864230436691991, ""dc_rps"": 0.20351385662048616}"
ensemble_20260818T030032Z_e2fc53da,stacked_ensemble_logreg,0.1.0-phase1,2026-08-18.phase1,0.1.0-phase1,"{""ensemble_log_loss"": 0.9833859742674818, ""ensemble_brier"": 0.585306735738435, ""ensemble_rps"": 0.2030519642218267, ""dc_log_loss"": 0.9865368037056392, ""dc_brier"": 0.5864230436691991, ""dc_rps"": 0.20351385662048616}","{""n_folds"": 5, ""meta_C"": 1.0, ""n_bootstrap"": 10000}",c99be24,2026-08-18T03:00:32+00:00,"{""ensemble_log_loss"": 0.9833859742674818, ""ensemble_brier"": 0.585306735738435, ""ensemble_rps"": 0.2030519642218267, ""dc_log_loss"": 0.9865368037056392, ""dc_brier"": 0.5864230436691991, ""dc_rps"": 0.20351385662048616}"
backtest_20260825T223953Z_f0902163,Dixon-Coles (main model),0.1.0-phase1,2026-08-18.phase1,0.1.0-phase1,"{""Dixon-Coles (main model)"": 0.9865, ""Elo-only baseline"": 0.9931, ""Previous-season-table baseline"": 1.21, ""Simple Poisson baseline"": 1.0178}",{},f3536c5,2026-08-25T22:39:53+00:00,log_loss=0.9865
backtest_20260825T223953Z_f0902163,Elo-only baseline,0.1.0-phase1,2026-08-18.phase1,0.1.0-phase1,"{""Dixon-Coles (main model)"": 0.9865, ""Elo-only baseline"": 0.9931, ""Previous-season-table baseline"": 1.21, ""Simple Poisson baseline"": 1.0178}",{},f3536c5,2026-08-25T22:39:53+00:00,log_loss=0.9931
backtest_20260825T223953Z_f0902163,Previous-season-table baseline,0.1.0-phase1,2026-08-18.phase1,0.1.0-phase1,"{""Dixon-Coles (main model)"": 0.9865, ""Elo-only baseline"": 0.9931, ""Previous-season-table baseline"": 1.21, ""Simple Poisson baseline"": 1.0178}",{},f3536c5,2026-08-25T22:39:53+00:00,log_loss=1.21
backtest_20260825T223953Z_f0902163,Simple Poisson baseline,0.1.0-phase1,2026-08-18.phase1,0.1.0-phase1,"{""Dixon-Coles (main model)"": 0.9865, ""Elo-only baseline"": 0.9931, ""Previous-season-table baseline"": 1.21, ""Simple Poisson baseline"": 1.0178}",{},f3536c5,2026-08-25T22:39:53+00:00,log_loss=1.0178
backtest_20260916T071541Z_c5dc152d,Dixon-Coles (main model),0.1.0-phase1,2026-08-18.phase1,0.1.0-phase1,"{""Dixon-Coles (main model)"": 0.9941, ""Elo-only baseline"": 1.0092, ""Previous-season-table baseline"": 1.2533, ""Simple Poisson baseline"": 1.0204}",{},4300118,2026-09-16T07:15:41+00:00,log_loss=0.9941
backtest_20260916T071541Z_c5dc152d,Elo-only baseline,0.1.0-phase1,2026-08-18.phase1,0.1.0-phase1,"{""Dixon-Coles (main model)"": 0.9941, ""Elo-only baseline"": 1.0092, ""Previous-season-table baseline"": 1.2533, ""Simple Poisson baseline"": 1.0204}",{},4300118,2026-09-16T07:15:41+00:00,log_loss=1.0092
backtest_20260916T071541Z_c5dc152d,Previous-season-table baseline,0.1.0-phase1,2026-08-18.phase1,0.1.0-phase1,"{""Dixon-Coles (main model)"": 0.9941, ""Elo-only baseline"": 1.0092, ""Previous-season-table baseline"": 1.2533, ""Simple Poisson baseline"": 1.0204}",{},4300118,2026-09-16T07:15:41+00:00,log_loss=1.2533
backtest_20260916T071541Z_c5dc152d,Simple Poisson baseline,0.1.0-phase1,2026-08-18.phase1,0.1.0-phase1,"{""Dixon-Coles (main model)"": 0.9941, ""Elo-only baseline"": 1.0092, ""Previous-season-table baseline"": 1.2533, ""Simple Poisson baseline"": 1.0204}",{},4300118,2026-09-16T07:15:41+00:00,log_loss=1.0204
backtest_20260916T190022Z_876b1b25,Dixon-Coles (main model),0.1.0-phase1,2026-08-18.phase1,0.1.0-phase1,"{""Dixon-Coles (main model)"": 0.9926, ""Elo-only baseline"": 1.0043, ""Previous-season-table baseline"": 1.2252, ""Simple Poisson baseline"": 1.0002}",{},259fafc,2026-09-16T19:00:22+00:00,log_loss=0.9926
backtest_20260916T190022Z_876b1b25,Elo-only baseline,0.1.0-phase1,2026-08-18.phase1,0.1.0-phase1,"{""Dixon-Coles (main model)"": 0.9926, ""Elo-only baseline"": 1.0043, ""Previous-season-table baseline"": 1.2252, ""Simple Poisson baseline"": 1.0002}",{},259fafc,2026-09-16T19:00:22+00:00,log_loss=1.0043
backtest_20260916T190022Z_876b1b25,Previous-season-table baseline,0.1.0-phase1,2026-08-18.phase1,0.1.0-phase1,"{""Dixon-Coles (main model)"": 0.9926, ""Elo-only baseline"": 1.0043, ""Previous-season-table baseline"": 1.2252, ""Simple Poisson baseline"": 1.0002}",{},259fafc,2026-09-16T19:00:22+00:00,log_loss=1.2252
backtest_20260916T190022Z_876b1b25,Simple Poisson baseline,0.1.0-phase1,2026-08-18.phase1,0.1.0-phase1,"{""Dixon-Coles (main model)"": 0.9926, ""Elo-only baseline"": 1.0043, ""Previous-season-table baseline"": 1.2252, ""Simple Poisson baseline"": 1.0002}",{},259fafc,2026-09-16T19:00:22+00:00,log_loss=1.0002
ensemble_20260916T190525Z_c72777a0,stacked_ensemble_logreg,0.1.0-phase1,2026-08-18.phase1,0.1.0-phase1,"{""ensemble_log_loss"": 0.9799168338400844, ""ensemble_brier"": 0.5834811920508435, ""ensemble_rps"": 0.19602933705760994, ""dc_log_loss"": 0.9926281213876973, ""dc_brier"": 0.5908498189087918, ""dc_rps"": 0.19911012370961761}","{""n_folds"": 5, ""meta_C"": 1.0, ""n_bootstrap"": 10000}",259fafc,2026-09-16T19:05:25+00:00,"{""ensemble_log_loss"": 0.9799168338400844, ""ensemble_brier"": 0.5834811920508435, ""ensemble_rps"": 0.19602933705760994, ""dc_log_loss"": 0.9926281213876973, ""dc_brier"": 0.5908498189087918, ""dc_rps"": 0.19911012370961761}"
backtest_20260916T200627Z_13533bc1,Dixon-Coles (main model),0.1.0-phase1,2026-08-18.phase1,0.1.0-phase1,"{""Dixon-Coles (main model)"": 1.0026, ""Elo-only baseline"": 1.0062, ""Previous-season-table baseline"": 1.2307, ""Simple Poisson baseline"": 1.0177}",{},d3d1d54,2026-09-16T20:06:27+00:00,log_loss=1.0026
backtest_20260916T200627Z_13533bc1,Elo-only baseline,0.1.0-phase1,2026-08-18.phase1,0.1.0-phase1,"{""Dixon-Coles (main model)"": 1.0026, ""Elo-only baseline"": 1.0062, ""Previous-season-table baseline"": 1.2307, ""Simple Poisson baseline"": 1.0177}",{},d3d1d54,2026-09-16T20:06:27+00:00,log_loss=1.0062
backtest_20260916T200627Z_13533bc1,Previous-season-table baseline,0.1.0-phase1,2026-08-18.phase1,0.1.0-phase1,"{""Dixon-Coles (main model)"": 1.0026, ""Elo-only baseline"": 1.0062, ""Previous-season-table baseline"": 1.2307, ""Simple Poisson baseline"": 1.0177}",{},d3d1d54,2026-09-16T20:06:27+00:00,log_loss=1.2307
backtest_20260916T200627Z_13533bc1,Simple Poisson baseline,0.1.0-phase1,2026-08-18.phase1,0.1.0-phase1,"{""Dixon-Coles (main model)"": 1.0026, ""Elo-only baseline"": 1.0062, ""Previous-season-table baseline"": 1.2307, ""Simple Poisson baseline"": 1.0177}",{},d3d1d54,2026-09-16T20:06:27+00:00,log_loss=1.0177
ensemble_20260916T201151Z_24a80ea3,stacked_ensemble_logreg,0.1.0-phase1,2026-08-18.phase1,0.1.0-phase1,"{""ensemble_log_loss"": 0.9957479877869668, ""ensemble_brier"": 0.5941811284227599, ""ensemble_rps"": 0.20453003066748404, ""dc_log_loss"": 1.0026228375669985, ""dc_brier"": 0.5975758877264679, ""dc_rps"": 0.20561989238007175}","{""n_folds"": 5, ""meta_C"": 1.0, ""n_bootstrap"": 10000}",d3d1d54,2026-09-16T20:11:51+00:00,"{""ensemble_log_loss"": 0.9957479877869668, ""ensemble_brier"": 0.5941811284227599, ""ensemble_rps"": 0.20453003066748404, ""dc_log_loss"": 1.0026228375669985, ""dc_brier"": 0.5975758877264679, ""dc_rps"": 0.20561989238007175}"
