season,match_id,date,home_team,away_team,group,home_goals,away_goals,result,home_xg,away_xg,home_shots,away_shots,home_shots_on_target,away_shots_on_target,home_possession,away_possession,home_ppda,away_ppda,home_big_chances,away_big_chances,home_set_piece_xg,away_set_piece_xg,home_red_cards,away_red_cards,referee,stadium,attendance,source_name,source_url_or_page_title,source_timestamp,is_real_data,data_status,notes
2024-25,UNL2425_MD01_001_Azerbaijan_Sweden,2024-09-05,Azerbaijan,Sweden,Group C1,1,3,away_win,,,,,,,,,,,,,,,,,,Tofiq Bahramov Republican Stadium,,fixturedownload.com,https://fixturedownload.com/feed/json/nations-league-2024,2026-09-20T23:17:25+00:00,True,completed,"Advanced metrics (xG, possession, PPDA, big_chances, set_piece_xg), referee, and attendance are not published by fixturedownload.com and are intentionally left blank rather than estimated."
2024-25,UNL2425_MD01_002_SanMarino_Liechtenstein,2024-09-05,San Marino,Liechtenstein,Group D1,1,0,home_win,,,,,,,,,,,,,,,,,,San Marino Stadium,,fixturedownload.com,https://fixturedownload.com/feed/json/nations-league-2024,2026-09-20T23:17:25+00:00,True,completed,"Advanced metrics (xG, possession, PPDA, big_chances, set_piece_xg), referee, and attendance are not published by fixturedownload.com and are intentionally left blank rather than estimated."
2024-25,UNL2425_MD01_003_NorthernIreland_Luxembourg,2024-09-05,Northern Ireland,Luxembourg,Group C3,2,0,home_win,,,,,,,,,,,,,,,,,,Windsor Park,,fixturedownload.com,https://fixturedownload.com/feed/json/nations-league-2024,2026-09-20T23:17:25+00:00,True,completed,"Advanced metrics (xG, possession, PPDA, big_chances, set_piece_xg), referee, and attendance are not published by fixturedownload.com and are intentionally left blank rather than estimated."
2024-25,UNL2425_MD01_004_Portugal_Croatia,2024-09-05,Portugal,Croatia,Group A1,2,1,home_win,,,,,,,,,,,,,,,,,,Estádio do SL Benfica,,fixturedownload.com,https://fixturedownload.com/feed/json/nations-league-2024,2026-09-20T23:17:25+00:00,True,completed,"Advanced metrics (xG, possession, PPDA, big_chances, set_piece_xg), referee, and attendance are not published by fixturedownload.com and are intentionally left blank rather than estimated."
2024-25,UNL2425_MD01_005_Denmark_Switzerland,2024-09-05,Denmark,Switzerland,Group A4,2,0,home_win,,,,,,,,,,,,,,,,,,Parken,,fixturedownload.com,https://fixturedownload.com/feed/json/nations-league-2024,2026-09-20T23:17:25+00:00,True,completed,"Advanced metrics (xG, possession, PPDA, big_chances, set_piece_xg), referee, and attendance are not published by fixturedownload.com and are intentionally left blank rather than estimated."
2024-25,UNL2425_MD01_006_Scotland_Poland,2024-09-05,Scotland,Poland,Group A1,2,3,away_win,,,,,,,,,,,,,,,,,,Hampden Park,,fixturedownload.com,https://fixturedownload.com/feed/json/nations-league-2024,2026-09-20T23:17:25+00:00,True,completed,"Advanced metrics (xG, possession, PPDA, big_chances, set_piece_xg), referee, and attendance are not published by fixturedownload.com and are intentionally left blank rather than estimated."
2024-25,UNL2425_MD01_007_Estonia_Slovakia,2024-09-05,Estonia,Slovakia,Group C1,0,1,away_win,,,,,,,,,,,,,,,,,,Lilleküla Stadium,,fixturedownload.com,https://fixturedownload.com/feed/json/nations-league-2024,2026-09-20T23:17:25+00:00,True,completed,"Advanced metrics (xG, possession, PPDA, big_chances, set_piece_xg), referee, and attendance are not published by fixturedownload.com and are intentionally left blank rather than estimated."
2024-25,UNL2425_MD01_008_Serbia_Spain,2024-09-05,Serbia,Spain,Group A4,0,0,draw,,,,,,,,,,,,,,,,,,Stadion Rajko Mitic,,fixturedownload.com,https://fixturedownload.com/feed/json/nations-league-2024,2026-09-20T23:17:25+00:00,True,completed,"Advanced metrics (xG, possession, PPDA, big_chances, set_piece_xg), referee, and attendance are not published by fixturedownload.com and are intentionally left blank rather than estimated."
2024-25,UNL2425_MD01_009_Belarus_Bulgaria,2024-09-05,Belarus,Bulgaria,Group C3,0,0,draw,,,,,,,,,,,,,,,,,,ZTE Aréna,,fixturedownload.com,https://fixturedownload.com/feed/json/nations-league-2024,2026-09-20T23:17:25+00:00,True,completed,"Advanced metrics (xG, possession, PPDA, big_chances, set_piece_xg), referee, and attendance are not published by fixturedownload.com and are intentionally left blank rather than estimated."
2024-25,UNL2425_MD01_010_Kazakhstan_Norway,2024-09-06,Kazakhstan,Norway,Group B3,0,0,draw,,,,,,,,,,,,,,,,,,Almaty Ortalyk Stadion,,fixturedownload.com,https://fixturedownload.com/feed/json/nations-league-2024,2026-09-20T23:17:25+00:00,True,completed,"Advanced metrics (xG, possession, PPDA, big_chances, set_piece_xg), referee, and attendance are not published by fixturedownload.com and are intentionally left blank rather than estimated."
2024-25,UNL2425_MD01_011_Lithuania_Cyprus,2024-09-06,Lithuania,Cyprus,Group C2,0,1,away_win,,,,,,,,,,,,,,,,,,Futbolo stadionas Marijampoleje,,fixturedownload.com,https://fixturedownload.com/feed/json/nations-league-2024,2026-09-20T23:17:25+00:00,True,completed,"Advanced metrics (xG, possession, PPDA, big_chances, set_piece_xg), referee, and attendance are not published by fixturedownload.com and are intentionally left blank rather than estimated."
2024-25,UNL2425_MD01_012_Wales_Türkiye,2024-09-06,Wales,Türkiye,Group B4,0,0,draw,,,,,,,,,,,,,,,,,,Cardiff City Stadium,,fixturedownload.com,https://fixturedownload.com/feed/json/nations-league-2024,2026-09-20T23:17:25+00:00,True,completed,"Advanced metrics (xG, possession, PPDA, big_chances, set_piece_xg), referee, and attendance are not published by fixturedownload.com and are intentionally left blank rather than estimated."
2024-25,UNL2425_MD01_013_Kosovo_Romania,2024-09-06,Kosovo,Romania,Group C2,0,3,away_win,,,,,,,,,,,,,,,,,,Stadiumi Fadil Vokrri,,fixturedownload.com,https://fixturedownload.com/feed/json/nations-league-2024,2026-09-20T23:17:25+00:00,True,completed,"Advanced metrics (xG, possession, PPDA, big_chances, set_piece_xg), referee, and attendance are not published by fixturedownload.com and are intentionally left blank rather than estimated."
2024-25,UNL2425_MD01_014_Slovenia_Austria,2024-09-06,Slovenia,Austria,Group B3,1,1,draw,,,,,,,,,,,,,,,,,,Stadion Stožice,,fixturedownload.com,https://fixturedownload.com/feed/json/nations-league-2024,2026-09-20T23:17:25+00:00,True,completed,"Advanced metrics (xG, possession, PPDA, big_chances, set_piece_xg), referee, and attendance are not published by fixturedownload.com and are intentionally left blank rather than estimated."
2024-25,UNL2425_MD01_015_Iceland_Montenegro,2024-09-06,Iceland,Montenegro,Group B4,2,0,home_win,,,,,,,,,,,,,,,,,,Laugardalsvöllur,,fixturedownload.com,https://fixturedownload.com/feed/json/nations-league-2024,2026-09-20T23:17:25+00:00,True,completed,"Advanced metrics (xG, possession, PPDA, big_chances, set_piece_xg), referee, and attendance are not published by fixturedownload.com and are intentionally left blank rather than estimated."
2024-25,UNL2425_MD01_016_Belgium_Israel,2024-09-06,Belgium,Israel,Group A2,3,1,home_win,,,,,,,,,,,,,,,,,,Nagyerdei Stadion,,fixturedownload.com,https://fixturedownload.com/feed/json/nations-league-2024,2026-09-20T23:17:25+00:00,True,completed,"Advanced metrics (xG, possession, PPDA, big_chances, set_piece_xg), referee, and attendance are not published by fixturedownload.com and are intentionally left blank rather than estimated."
2024-25,UNL2425_MD01_017_France_Italy,2024-09-06,France,Italy,Group A2,1,3,away_win,,,,,,,,,,,,,,,,,,Parc des Princes,,fixturedownload.com,https://fixturedownload.com/feed/json/nations-league-2024,2026-09-20T23:17:25+00:00,True,completed,"Advanced metrics (xG, possession, PPDA, big_chances, set_piece_xg), referee, and attendance are not published by fixturedownload.com and are intentionally left blank rather than estimated."
2024-25,UNL2425_MD01_018_FaroeIslands_NorthMacedonia,2024-09-07,Faroe Islands,North Macedonia,Group C4,1,1,draw,,,,,,,,,,,,,,,,,,Tórsvøllur,,fixturedownload.com,https://fixturedownload.com/feed/json/nations-league-2024,2026-09-20T23:17:25+00:00,True,completed,"Advanced metrics (xG, possession, PPDA, big_chances, set_piece_xg), referee, and attendance are not published by fixturedownload.com and are intentionally left blank rather than estimated."
2024-25,UNL2425_MD01_019_Moldova_Malta,2024-09-07,Moldova,Malta,Group D2,2,0,home_win,,,,,,,,,,,,,,,,,,Stadionul Zimbru,,fixturedownload.com,https://fixturedownload.com/feed/json/nations-league-2024,2026-09-20T23:17:25+00:00,True,completed,"Advanced metrics (xG, possession, PPDA, big_chances, set_piece_xg), referee, and attendance are not published by fixturedownload.com and are intentionally left blank rather than estimated."
2024-25,UNL2425_MD01_020_RepublicofIreland_England,2024-09-07,Republic of Ireland,England,Group B2,0,2,away_win,,,,,,,,,,,,,,,,,,Dublin Arena,,fixturedownload.com,https://fixturedownload.com/feed/json/nations-league-2024,2026-09-20T23:17:25+00:00,True,completed,"Advanced metrics (xG, possession, PPDA, big_chances, set_piece_xg), referee, and attendance are not published by fixturedownload.com and are intentionally left blank rather than estimated."
2024-25,UNL2425_MD01_021_Georgia_Czechia,2024-09-07,Georgia,Czechia,Group B1,4,1,home_win,,,,,,,,,,,,,,,,,,Mikheil Meskhi Stadium,,fixturedownload.com,https://fixturedownload.com/feed/json/nations-league-2024,2026-09-20T23:17:25+00:00,True,completed,"Advanced metrics (xG, possession, PPDA, big_chances, set_piece_xg), referee, and attendance are not published by fixturedownload.com and are intentionally left blank rather than estimated."
2024-25,UNL2425_MD01_022_Armenia_Latvia,2024-09-07,Armenia,Latvia,Group C4,4,1,home_win,,,,,,,,,,,,,,,,,,Republican Stadium after Vazgen Sargsyan,,fixturedownload.com,https://fixturedownload.com/feed/json/nations-league-2024,2026-09-20T23:17:25+00:00,True,completed,"Advanced metrics (xG, possession, PPDA, big_chances, set_piece_xg), referee, and attendance are not published by fixturedownload.com and are intentionally left blank rather than estimated."
2024-25,UNL2425_MD01_023_Germany_Hungary,2024-09-07,Germany,Hungary,Group A3,5,0,home_win,,,,,,,,,,,,,,,,,,Düsseldorf Arena,,fixturedownload.com,https://fixturedownload.com/feed/json/nations-league-2024,2026-09-20T23:17:25+00:00,True,completed,"Advanced metrics (xG, possession, PPDA, big_chances, set_piece_xg), referee, and attendance are not published by fixturedownload.com and are intentionally left blank rather than estimated."
2024-25,UNL2425_MD01_024_Netherlands_BosniaandHerzegovina,2024-09-07,Netherlands,Bosnia and Herzegovina,Group A3,5,2,home_win,,,,,,,,,,,,,,,,,,PSV Stadion,,fixturedownload.com,https://fixturedownload.com/feed/json/nations-league-2024,2026-09-20T23:17:25+00:00,True,completed,"Advanced metrics (xG, possession, PPDA, big_chances, set_piece_xg), referee, and attendance are not published by fixturedownload.com and are intentionally left blank rather than estimated."
2024-25,UNL2425_MD01_025_Ukraine_Albania,2024-09-07,Ukraine,Albania,Group B1,1,2,away_win,,,,,,,,,,,,,,,,,,Stadion Letná,,fixturedownload.com,https://fixturedownload.com/feed/json/nations-league-2024,2026-09-20T23:17:25+00:00,True,completed,"Advanced metrics (xG, possession, PPDA, big_chances, set_piece_xg), referee, and attendance are not published by fixturedownload.com and are intentionally left blank rather than estimated."
2024-25,UNL2425_MD01_026_Greece_Finland,2024-09-07,Greece,Finland,Group B2,3,0,home_win,,,,,,,,,,,,,,,,,,Stadio Georgios Karaiskakis,,fixturedownload.com,https://fixturedownload.com/feed/json/nations-league-2024,2026-09-20T23:17:25+00:00,True,completed,"Advanced metrics (xG, possession, PPDA, big_chances, set_piece_xg), referee, and attendance are not published by fixturedownload.com and are intentionally left blank rather than estimated."
2024-25,UNL2425_MD02_027_Luxembourg_Belarus,2024-09-08,Luxembourg,Belarus,Group C3,0,1,away_win,,,,,,,,,,,,,,,,,,Stade de Luxembourg,,fixturedownload.com,https://fixturedownload.com/feed/json/nations-league-2024,2026-09-20T23:17:25+00:00,True,completed,"Advanced metrics (xG, possession, PPDA, big_chances, set_piece_xg), referee, and attendance are not published by fixturedownload.com and are intentionally left blank rather than estimated."
2024-25,UNL2425_MD02_028_Denmark_Serbia,2024-09-08,Denmark,Serbia,Group A4,2,0,home_win,,,,,,,,,,,,,,,,,,Parken,,fixturedownload.com,https://fixturedownload.com/feed/json/nations-league-2024,2026-09-20T23:17:25+00:00,True,completed,"Advanced metrics (xG, possession, PPDA, big_chances, set_piece_xg), referee, and attendance are not published by fixturedownload.com and are intentionally left blank rather than estimated."
2024-25,UNL2425_MD02_029_Bulgaria_NorthernIreland,2024-09-08,Bulgaria,Northern Ireland,Group C3,1,0,home_win,,,,,,,,,,,,,,,,,,Hristo Botev Stadium,,fixturedownload.com,https://fixturedownload.com/feed/json/nations-league-2024,2026-09-20T23:17:25+00:00,True,completed,"Advanced metrics (xG, possession, PPDA, big_chances, set_piece_xg), referee, and attendance are not published by fixturedownload.com and are intentionally left blank rather than estimated."
2024-25,UNL2425_MD02_030_Gibraltar_Liechtenstein,2024-09-08,Gibraltar,Liechtenstein,Group D1,2,2,draw,,,,,,,,,,,,,,,,,,Europa Point Stadium,,fixturedownload.com,https://fixturedownload.com/feed/json/nations-league-2024,2026-09-20T23:17:25+00:00,True,completed,"Advanced metrics (xG, possession, PPDA, big_chances, set_piece_xg), referee, and attendance are not published by fixturedownload.com and are intentionally left blank rather than estimated."
2024-25,UNL2425_MD02_031_Slovakia_Azerbaijan,2024-09-08,Slovakia,Azerbaijan,Group C1,2,0,home_win,,,,,,,,,,,,,,,,,,Košická futbalová aréna,,fixturedownload.com,https://fixturedownload.com/feed/json/nations-league-2024,2026-09-20T23:17:25+00:00,True,completed,"Advanced metrics (xG, possession, PPDA, big_chances, set_piece_xg), referee, and attendance are not published by fixturedownload.com and are intentionally left blank rather than estimated."
2024-25,UNL2425_MD02_032_Croatia_Poland,2024-09-08,Croatia,Poland,Group A1,1,0,home_win,,,,,,,,,,,,,,,,,,Opus Arena,,fixturedownload.com,https://fixturedownload.com/feed/json/nations-league-2024,2026-09-20T23:17:25+00:00,True,completed,"Advanced metrics (xG, possession, PPDA, big_chances, set_piece_xg), referee, and attendance are not published by fixturedownload.com and are intentionally left blank rather than estimated."
2024-25,UNL2425_MD02_033_Sweden_Estonia,2024-09-08,Sweden,Estonia,Group C1,3,0,home_win,,,,,,,,,,,,,,,,,,Strawberry Arena,,fixturedownload.com,https://fixturedownload.com/feed/json/nations-league-2024,2026-09-20T23:17:25+00:00,True,completed,"Advanced metrics (xG, possession, PPDA, big_chances, set_piece_xg), referee, and attendance are not published by fixturedownload.com and are intentionally left blank rather than estimated."
2024-25,UNL2425_MD02_034_Portugal_Scotland,2024-09-08,Portugal,Scotland,Group A1,2,1,home_win,,,,,,,,,,,,,,,,,,Estádio do SL Benfica,,fixturedownload.com,https://fixturedownload.com/feed/json/nations-league-2024,2026-09-20T23:17:25+00:00,True,completed,"Advanced metrics (xG, possession, PPDA, big_chances, set_piece_xg), referee, and attendance are not published by fixturedownload.com and are intentionally left blank rather than estimated."
2024-25,UNL2425_MD02_035_Switzerland_Spain,2024-09-08,Switzerland,Spain,Group A4,1,4,away_win,,,,,,,,,,,,,,,,,,Stade de Genève,,fixturedownload.com,https://fixturedownload.com/feed/json/nations-league-2024,2026-09-20T23:17:25+00:00,True,completed,"Advanced metrics (xG, possession, PPDA, big_chances, set_piece_xg), referee, and attendance are not published by fixturedownload.com and are intentionally left blank rather than estimated."
2024-25,UNL2425_MD02_036_Cyprus_Kosovo,2024-09-09,Cyprus,Kosovo,Group C2,0,4,away_win,,,,,,,,,,,,,,,,,,AEK Arena,,fixturedownload.com,https://fixturedownload.com/feed/json/nations-league-2024,2026-09-20T23:17:25+00:00,True,completed,"Advanced metrics (xG, possession, PPDA, big_chances, set_piece_xg), referee, and attendance are not published by fixturedownload.com and are intentionally left blank rather than estimated."
2024-25,UNL2425_MD02_037_Israel_Italy,2024-09-09,Israel,Italy,Group A2,1,2,away_win,,,,,,,,,,,,,,,,,,Bozsik Aréna,,fixturedownload.com,https://fixturedownload.com/feed/json/nations-league-2024,2026-09-20T23:17:25+00:00,True,completed,"Advanced metrics (xG, possession, PPDA, big_chances, set_piece_xg), referee, and attendance are not published by fixturedownload.com and are intentionally left blank rather than estimated."
2024-25,UNL2425_MD02_038_Türkiye_Iceland,2024-09-09,Türkiye,Iceland,Group B4,3,1,home_win,,,,,,,,,,,,,,,,,,Gürsel Aksel Stadium,,fixturedownload.com,https://fixturedownload.com/feed/json/nations-league-2024,2026-09-20T23:17:25+00:00,True,completed,"Advanced metrics (xG, possession, PPDA, big_chances, set_piece_xg), referee, and attendance are not published by fixturedownload.com and are intentionally left blank rather than estimated."
2024-25,UNL2425_MD02_039_France_Belgium,2024-09-09,France,Belgium,Group A2,2,0,home_win,,,,,,,,,,,,,,,,,,OL Stadium,,fixturedownload.com,https://fixturedownload.com/feed/json/nations-league-2024,2026-09-20T23:17:25+00:00,True,completed,"Advanced metrics (xG, possession, PPDA, big_chances, set_piece_xg), referee, and attendance are not published by fixturedownload.com and are intentionally left blank rather than estimated."
2024-25,UNL2425_MD02_040_Montenegro_Wales,2024-09-09,Montenegro,Wales,Group B4,1,2,away_win,,,,,,,,,,,,,,,,,,City Stadium Nikšic,,fixturedownload.com,https://fixturedownload.com/feed/json/nations-league-2024,2026-09-20T23:17:25+00:00,True,completed,"Advanced metrics (xG, possession, PPDA, big_chances, set_piece_xg), referee, and attendance are not published by fixturedownload.com and are intentionally left blank rather than estimated."
2024-25,UNL2425_MD02_041_Romania_Lithuania,2024-09-09,Romania,Lithuania,Group C2,3,1,home_win,,,,,,,,,,,,,,,,,,Stadionul Steaua,,fixturedownload.com,https://fixturedownload.com/feed/json/nations-league-2024,2026-09-20T23:17:25+00:00,True,completed,"Advanced metrics (xG, possession, PPDA, big_chances, set_piece_xg), referee, and attendance are not published by fixturedownload.com and are intentionally left blank rather than estimated."
2024-25,UNL2425_MD02_042_Norway_Austria,2024-09-09,Norway,Austria,Group B3,2,1,home_win,,,,,,,,,,,,,,,,,,Ullevaal Stadion,,fixturedownload.com,https://fixturedownload.com/feed/json/nations-league-2024,2026-09-20T23:17:25+00:00,True,completed,"Advanced metrics (xG, possession, PPDA, big_chances, set_piece_xg), referee, and attendance are not published by fixturedownload.com and are intentionally left blank rather than estimated."
2024-25,UNL2425_MD02_043_Slovenia_Kazakhstan,2024-09-09,Slovenia,Kazakhstan,Group B3,3,0,home_win,,,,,,,,,,,,,,,,,,Stadion Stožice,,fixturedownload.com,https://fixturedownload.com/feed/json/nations-league-2024,2026-09-20T23:17:25+00:00,True,completed,"Advanced metrics (xG, possession, PPDA, big_chances, set_piece_xg), referee, and attendance are not published by fixturedownload.com and are intentionally left blank rather than estimated."
2024-25,UNL2425_MD02_044_Latvia_FaroeIslands,2024-09-10,Latvia,Faroe Islands,Group C4,1,0,home_win,,,,,,,,,,,,,,,,,,Skonto Stadions,,fixturedownload.com,https://fixturedownload.com/feed/json/nations-league-2024,2026-09-20T23:17:25+00:00,True,completed,"Advanced metrics (xG, possession, PPDA, big_chances, set_piece_xg), referee, and attendance are not published by fixturedownload.com and are intentionally left blank rather than estimated."
2024-25,UNL2425_MD02_045_RepublicofIreland_Greece,2024-09-10,Republic of Ireland,Greece,Group B2,0,2,away_win,,,,,,,,,,,,,,,,,,Dublin Arena,,fixturedownload.com,https://fixturedownload.com/feed/json/nations-league-2024,2026-09-20T23:17:25+00:00,True,completed,"Advanced metrics (xG, possession, PPDA, big_chances, set_piece_xg), referee, and attendance are not published by fixturedownload.com and are intentionally left blank rather than estimated."
2024-25,UNL2425_MD02_046_Albania_Georgia,2024-09-10,Albania,Georgia,Group B1,0,1,away_win,,,,,,,,,,,,,,,,,,Arena Kombëtare,,fixturedownload.com,https://fixturedownload.com/feed/json/nations-league-2024,2026-09-20T23:17:25+00:00,True,completed,"Advanced metrics (xG, possession, PPDA, big_chances, set_piece_xg), referee, and attendance are not published by fixturedownload.com and are intentionally left blank rather than estimated."
2024-25,UNL2425_MD02_047_Czechia_Ukraine,2024-09-10,Czechia,Ukraine,Group B1,3,2,home_win,,,,,,,,,,,,,,,,,,Eden Arena,,fixturedownload.com,https://fixturedownload.com/feed/json/nations-league-2024,2026-09-20T23:17:25+00:00,True,completed,"Advanced metrics (xG, possession, PPDA, big_chances, set_piece_xg), referee, and attendance are not published by fixturedownload.com and are intentionally left blank rather than estimated."
2024-25,UNL2425_MD02_048_England_Finland,2024-09-10,England,Finland,Group B2,2,0,home_win,,,,,,,,,,,,,,,,,,Wembley Stadium,,fixturedownload.com,https://fixturedownload.com/feed/json/nations-league-2024,2026-09-20T23:17:25+00:00,True,completed,"Advanced metrics (xG, possession, PPDA, big_chances, set_piece_xg), referee, and attendance are not published by fixturedownload.com and are intentionally left blank rather than estimated."
2024-25,UNL2425_MD02_049_Netherlands_Germany,2024-09-10,Netherlands,Germany,Group A3,2,2,draw,,,,,,,,,,,,,,,,,,Johan Cruijff ArenA,,fixturedownload.com,https://fixturedownload.com/feed/json/nations-league-2024,2026-09-20T23:17:25+00:00,True,completed,"Advanced metrics (xG, possession, PPDA, big_chances, set_piece_xg), referee, and attendance are not published by fixturedownload.com and are intentionally left blank rather than estimated."
2024-25,UNL2425_MD02_050_NorthMacedonia_Armenia,2024-09-10,North Macedonia,Armenia,Group C4,2,0,home_win,,,,,,,,,,,,,,,,,,National Arena Todor Proeski,,fixturedownload.com,https://fixturedownload.com/feed/json/nations-league-2024,2026-09-20T23:17:25+00:00,True,completed,"Advanced metrics (xG, possession, PPDA, big_chances, set_piece_xg), referee, and attendance are not published by fixturedownload.com and are intentionally left blank rather than estimated."
2024-25,UNL2425_MD02_051_Andorra_Malta,2024-09-10,Andorra,Malta,Group D2,0,1,away_win,,,,,,,,,,,,,,,,,,Estadi Nacional,,fixturedownload.com,https://fixturedownload.com/feed/json/nations-league-2024,2026-09-20T23:17:25+00:00,True,completed,"Advanced metrics (xG, possession, PPDA, big_chances, set_piece_xg), referee, and attendance are not published by fixturedownload.com and are intentionally left blank rather than estimated."
2024-25,UNL2425_MD02_052_Hungary_BosniaandHerzegovina,2024-09-10,Hungary,Bosnia and Herzegovina,Group A3,0,0,draw,,,,,,,,,,,,,,,,,,Puskás Aréna,,fixturedownload.com,https://fixturedownload.com/feed/json/nations-league-2024,2026-09-20T23:17:25+00:00,True,completed,"Advanced metrics (xG, possession, PPDA, big_chances, set_piece_xg), referee, and attendance are not published by fixturedownload.com and are intentionally left blank rather than estimated."
2024-25,UNL2425_MD03_053_Moldova_Andorra,2024-10-10,Moldova,Andorra,Group D2,2,0,home_win,,,,,,,,,,,,,,,,,,Stadionul Zimbru,,fixturedownload.com,https://fixturedownload.com/feed/json/nations-league-2024,2026-09-20T23:17:25+00:00,True,completed,"Advanced metrics (xG, possession, PPDA, big_chances, set_piece_xg), referee, and attendance are not published by fixturedownload.com and are intentionally left blank rather than estimated."
2024-25,UNL2425_MD03_054_Latvia_NorthMacedonia,2024-10-10,Latvia,North Macedonia,Group C4,0,3,away_win,,,,,,,,,,,,,,,,,,Skonto Stadions,,fixturedownload.com,https://fixturedownload.com/feed/json/nations-league-2024,2026-09-20T23:17:25+00:00,True,completed,"Advanced metrics (xG, possession, PPDA, big_chances, set_piece_xg), referee, and attendance are not published by fixturedownload.com and are intentionally left blank rather than estimated."
2024-25,UNL2425_MD03_055_Austria_Kazakhstan,2024-10-10,Austria,Kazakhstan,Group B3,4,0,home_win,,,,,,,,,,,,,,,,,,Oberösterreich Arena,,fixturedownload.com,https://fixturedownload.com/feed/json/nations-league-2024,2026-09-20T23:17:25+00:00,True,completed,"Advanced metrics (xG, possession, PPDA, big_chances, set_piece_xg), referee, and attendance are not published by fixturedownload.com and are intentionally left blank rather than estimated."
2024-25,UNL2425_MD03_056_Israel_France,2024-10-10,Israel,France,Group A2,1,4,away_win,,,,,,,,,,,,,,,,,,Bozsik Aréna,,fixturedownload.com,https://fixturedownload.com/feed/json/nations-league-2024,2026-09-20T23:17:25+00:00,True,completed,"Advanced metrics (xG, possession, PPDA, big_chances, set_piece_xg), referee, and attendance are not published by fixturedownload.com and are intentionally left blank rather than estimated."
2024-25,UNL2425_MD03_057_Finland_RepublicofIreland,2024-10-10,Finland,Republic of Ireland,Group B2,1,2,away_win,,,,,,,,,,,,,,,,,,Helsinki Olympic Stadium,,fixturedownload.com,https://fixturedownload.com/feed/json/nations-league-2024,2026-09-20T23:17:25+00:00,True,completed,"Advanced metrics (xG, possession, PPDA, big_chances, set_piece_xg), referee, and attendance are not published by fixturedownload.com and are intentionally left blank rather than estimated."
2024-25,UNL2425_MD03_058_Norway_Slovenia,2024-10-10,Norway,Slovenia,Group B3,3,0,home_win,,,,,,,,,,,,,,,,,,Ullevaal Stadion,,fixturedownload.com,https://fixturedownload.com/feed/json/nations-league-2024,2026-09-20T23:17:25+00:00,True,completed,"Advanced metrics (xG, possession, PPDA, big_chances, set_piece_xg), referee, and attendance are not published by fixturedownload.com and are intentionally left blank rather than estimated."
2024-25,UNL2425_MD03_059_Gibraltar_SanMarino,2024-10-10,Gibraltar,San Marino,Group D1,1,0,home_win,,,,,,,,,,,,,,,,,,Europa Point Stadium,,fixturedownload.com,https://fixturedownload.com/feed/json/nations-league-2024,2026-09-20T23:17:25+00:00,True,completed,"Advanced metrics (xG, possession, PPDA, big_chances, set_piece_xg), referee, and attendance are not published by fixturedownload.com and are intentionally left blank rather than estimated."
2024-25,UNL2425_MD03_060_FaroeIslands_Armenia,2024-10-10,Faroe Islands,Armenia,Group C4,2,2,draw,,,,,,,,,,,,,,,,,,Tórsvøllur,,fixturedownload.com,https://fixturedownload.com/feed/json/nations-league-2024,2026-09-20T23:17:25+00:00,True,completed,"Advanced metrics (xG, possession, PPDA, big_chances, set_piece_xg), referee, and attendance are not published by fixturedownload.com and are intentionally left blank rather than estimated."
2024-25,UNL2425_MD03_061_Italy_Belgium,2024-10-10,Italy,Belgium,Group A2,2,2,draw,,,,,,,,,,,,,,,,,,Stadio Olimpico,,fixturedownload.com,https://fixturedownload.com/feed/json/nations-league-2024,2026-09-20T23:17:25+00:00,True,completed,"Advanced metrics (xG, possession, PPDA, big_chances, set_piece_xg), referee, and attendance are not published by fixturedownload.com and are intentionally left blank rather than estimated."
2024-25,UNL2425_MD03_062_England_Greece,2024-10-10,England,Greece,Group B2,1,2,away_win,,,,,,,,,,,,,,,,,,Wembley Stadium,,fixturedownload.com,https://fixturedownload.com/feed/json/nations-league-2024,2026-09-20T23:17:25+00:00,True,completed,"Advanced metrics (xG, possession, PPDA, big_chances, set_piece_xg), referee, and attendance are not published by fixturedownload.com and are intentionally left blank rather than estimated."
2024-25,UNL2425_MD03_063_Estonia_Azerbaijan,2024-10-11,Estonia,Azerbaijan,Group C1,3,1,home_win,,,,,,,,,,,,,,,,,,Lilleküla Stadium,,fixturedownload.com,https://fixturedownload.com/feed/json/nations-league-2024,2026-09-20T23:17:25+00:00,True,completed,"Advanced metrics (xG, possession, PPDA, big_chances, set_piece_xg), referee, and attendance are not published by fixturedownload.com and are intentionally left blank rather than estimated."
2024-25,UNL2425_MD03_064_Ukraine_Georgia,2024-10-11,Ukraine,Georgia,Group B1,1,0,home_win,,,,,,,,,,,,,,,,,,Poznan Stadium,,fixturedownload.com,https://fixturedownload.com/feed/json/nations-league-2024,2026-09-20T23:17:25+00:00,True,completed,"Advanced metrics (xG, possession, PPDA, big_chances, set_piece_xg), referee, and attendance are not published by fixturedownload.com and are intentionally left blank rather than estimated."
2024-25,UNL2425_MD03_065_Hungary_Netherlands,2024-10-11,Hungary,Netherlands,Group A3,1,1,draw,,,,,,,,,,,,,,,,,,Puskás Aréna,,fixturedownload.com,https://fixturedownload.com/feed/json/nations-league-2024,2026-09-20T23:17:25+00:00,True,completed,"Advanced metrics (xG, possession, PPDA, big_chances, set_piece_xg), referee, and attendance are not published by fixturedownload.com and are intentionally left blank rather than estimated."
2024-25,UNL2425_MD03_066_BosniaandHerzegovina_Germany,2024-10-11,Bosnia and Herzegovina,Germany,Group A3,1,2,away_win,,,,,,,,,,,,,,,,,,Stadion Bilino Polje,,fixturedownload.com,https://fixturedownload.com/feed/json/nations-league-2024,2026-09-20T23:17:25+00:00,True,completed,"Advanced metrics (xG, possession, PPDA, big_chances, set_piece_xg), referee, and attendance are not published by fixturedownload.com and are intentionally left blank rather than estimated."
2024-25,UNL2425_MD03_067_Türkiye_Montenegro,2024-10-11,Türkiye,Montenegro,Group B4,1,0,home_win,,,,,,,,,,,,,,,,,,Samsun Yeni 19 Mayis Stadium,,fixturedownload.com,https://fixturedownload.com/feed/json/nations-league-2024,2026-09-20T23:17:25+00:00,True,completed,"Advanced metrics (xG, possession, PPDA, big_chances, set_piece_xg), referee, and attendance are not published by fixturedownload.com and are intentionally left blank rather than estimated."
2024-25,UNL2425_MD03_068_Czechia_Albania,2024-10-11,Czechia,Albania,Group B1,2,0,home_win,,,,,,,,,,,,,,,,,,Stadion Letná,,fixturedownload.com,https://fixturedownload.com/feed/json/nations-league-2024,2026-09-20T23:17:25+00:00,True,completed,"Advanced metrics (xG, possession, PPDA, big_chances, set_piece_xg), referee, and attendance are not published by fixturedownload.com and are intentionally left blank rather than estimated."
2024-25,UNL2425_MD03_069_Slovakia_Sweden,2024-10-11,Slovakia,Sweden,Group C1,2,2,draw,,,,,,,,,,,,,,,,,,Národný futbalový štadión,,fixturedownload.com,https://fixturedownload.com/feed/json/nations-league-2024,2026-09-20T23:17:25+00:00,True,completed,"Advanced metrics (xG, possession, PPDA, big_chances, set_piece_xg), referee, and attendance are not published by fixturedownload.com and are intentionally left blank rather than estimated."
2024-25,UNL2425_MD03_070_Iceland_Wales,2024-10-11,Iceland,Wales,Group B4,2,2,draw,,,,,,,,,,,,,,,,,,Laugardalsvöllur,,fixturedownload.com,https://fixturedownload.com/feed/json/nations-league-2024,2026-09-20T23:17:25+00:00,True,completed,"Advanced metrics (xG, possession, PPDA, big_chances, set_piece_xg), referee, and attendance are not published by fixturedownload.com and are intentionally left blank rather than estimated."
2024-25,UNL2425_MD03_071_Lithuania_Kosovo,2024-10-12,Lithuania,Kosovo,Group C2,1,2,away_win,,,,,,,,,,,,,,,,,,Darius & Girenas Stadium,,fixturedownload.com,https://fixturedownload.com/feed/json/nations-league-2024,2026-09-20T23:17:25+00:00,True,completed,"Advanced metrics (xG, possession, PPDA, big_chances, set_piece_xg), referee, and attendance are not published by fixturedownload.com and are intentionally left blank rather than estimated."
2024-25,UNL2425_MD03_072_Croatia_Scotland,2024-10-12,Croatia,Scotland,Group A1,2,1,home_win,,,,,,,,,,,,,,,,,,Stadion Maksimir,,fixturedownload.com,https://fixturedownload.com/feed/json/nations-league-2024,2026-09-20T23:17:25+00:00,True,completed,"Advanced metrics (xG, possession, PPDA, big_chances, set_piece_xg), referee, and attendance are not published by fixturedownload.com and are intentionally left blank rather than estimated."
2024-25,UNL2425_MD03_073_Bulgaria_Luxembourg,2024-10-12,Bulgaria,Luxembourg,Group C3,0,0,draw,,,,,,,,,,,,,,,,,,Hristo Botev Stadium,,fixturedownload.com,https://fixturedownload.com/feed/json/nations-league-2024,2026-09-20T23:17:25+00:00,True,completed,"Advanced metrics (xG, possession, PPDA, big_chances, set_piece_xg), referee, and attendance are not published by fixturedownload.com and are intentionally left blank rather than estimated."
2024-25,UNL2425_MD03_074_Poland_Portugal,2024-10-12,Poland,Portugal,Group A1,1,3,away_win,,,,,,,,,,,,,,,,,,Stadion Narodowy,,fixturedownload.com,https://fixturedownload.com/feed/json/nations-league-2024,2026-09-20T23:17:25+00:00,True,completed,"Advanced metrics (xG, possession, PPDA, big_chances, set_piece_xg), referee, and attendance are not published by fixturedownload.com and are intentionally left blank rather than estimated."
2024-25,UNL2425_MD03_075_Spain_Denmark,2024-10-12,Spain,Denmark,Group A4,1,0,home_win,,,,,,,,,,,,,,,,,,Estadio Nueva Condomina,,fixturedownload.com,https://fixturedownload.com/feed/json/nations-league-2024,2026-09-20T23:17:25+00:00,True,completed,"Advanced metrics (xG, possession, PPDA, big_chances, set_piece_xg), referee, and attendance are not published by fixturedownload.com and are intentionally left blank rather than estimated."
2024-25,UNL2425_MD03_076_Belarus_NorthernIreland,2024-10-12,Belarus,Northern Ireland,Group C3,0,0,draw,,,,,,,,,,,,,,,,,,ZTE Aréna,,fixturedownload.com,https://fixturedownload.com/feed/json/nations-league-2024,2026-09-20T23:17:25+00:00,True,completed,"Advanced metrics (xG, possession, PPDA, big_chances, set_piece_xg), referee, and attendance are not published by fixturedownload.com and are intentionally left blank rather than estimated."
2024-25,UNL2425_MD03_077_Cyprus_Romania,2024-10-12,Cyprus,Romania,Group C2,0,3,away_win,,,,,,,,,,,,,,,,,,AEK Arena,,fixturedownload.com,https://fixturedownload.com/feed/json/nations-league-2024,2026-09-20T23:17:25+00:00,True,completed,"Advanced metrics (xG, possession, PPDA, big_chances, set_piece_xg), referee, and attendance are not published by fixturedownload.com and are intentionally left blank rather than estimated."
2024-25,UNL2425_MD03_078_Serbia_Switzerland,2024-10-12,Serbia,Switzerland,Group A4,2,0,home_win,,,,,,,,,,,,,,,,,,Gradski Stadion Podgorica,,fixturedownload.com,https://fixturedownload.com/feed/json/nations-league-2024,2026-09-20T23:17:25+00:00,True,completed,"Advanced metrics (xG, possession, PPDA, big_chances, set_piece_xg), referee, and attendance are not published by fixturedownload.com and are intentionally left blank rather than estimated."
2024-25,UNL2425_MD04_079_Kazakhstan_Slovenia,2024-10-13,Kazakhstan,Slovenia,Group B3,0,1,away_win,,,,,,,,,,,,,,,,,,Almaty Ortalyk Stadion,,fixturedownload.com,https://fixturedownload.com/feed/json/nations-league-2024,2026-09-20T23:17:25+00:00,True,completed,"Advanced metrics (xG, possession, PPDA, big_chances, set_piece_xg), referee, and attendance are not published by fixturedownload.com and are intentionally left blank rather than estimated."
2024-25,UNL2425_MD04_080_Malta_Moldova,2024-10-13,Malta,Moldova,Group D2,1,0,home_win,,,,,,,,,,,,,,,,,,National Stadium,,fixturedownload.com,https://fixturedownload.com/feed/json/nations-league-2024,2026-09-20T23:17:25+00:00,True,completed,"Advanced metrics (xG, possession, PPDA, big_chances, set_piece_xg), referee, and attendance are not published by fixturedownload.com and are intentionally left blank rather than estimated."
2024-25,UNL2425_MD04_081_Liechtenstein_Gibraltar,2024-10-13,Liechtenstein,Gibraltar,Group D1,0,0,draw,,,,,,,,,,,,,,,,,,Rheinpark Stadion,,fixturedownload.com,https://fixturedownload.com/feed/json/nations-league-2024,2026-09-20T23:17:25+00:00,True,completed,"Advanced metrics (xG, possession, PPDA, big_chances, set_piece_xg), referee, and attendance are not published by fixturedownload.com and are intentionally left blank rather than estimated."
2024-25,UNL2425_MD04_082_Armenia_NorthMacedonia,2024-10-13,Armenia,North Macedonia,Group C4,0,2,away_win,,,,,,,,,,,,,,,,,,Republican Stadium after Vazgen Sargsyan,,fixturedownload.com,https://fixturedownload.com/feed/json/nations-league-2024,2026-09-20T23:17:25+00:00,True,completed,"Advanced metrics (xG, possession, PPDA, big_chances, set_piece_xg), referee, and attendance are not published by fixturedownload.com and are intentionally left blank rather than estimated."
2024-25,UNL2425_MD04_083_Finland_England,2024-10-13,Finland,England,Group B2,1,3,away_win,,,,,,,,,,,,,,,,,,Helsinki Olympic Stadium,,fixturedownload.com,https://fixturedownload.com/feed/json/nations-league-2024,2026-09-20T23:17:25+00:00,True,completed,"Advanced metrics (xG, possession, PPDA, big_chances, set_piece_xg), referee, and attendance are not published by fixturedownload.com and are intentionally left blank rather than estimated."
2024-25,UNL2425_MD04_084_FaroeIslands_Latvia,2024-10-13,Faroe Islands,Latvia,Group C4,1,1,draw,,,,,,,,,,,,,,,,,,Tórsvøllur,,fixturedownload.com,https://fixturedownload.com/feed/json/nations-league-2024,2026-09-20T23:17:25+00:00,True,completed,"Advanced metrics (xG, possession, PPDA, big_chances, set_piece_xg), referee, and attendance are not published by fixturedownload.com and are intentionally left blank rather than estimated."
2024-25,UNL2425_MD04_085_Austria_Norway,2024-10-13,Austria,Norway,Group B3,5,1,home_win,,,,,,,,,,,,,,,,,,Oberösterreich Arena,,fixturedownload.com,https://fixturedownload.com/feed/json/nations-league-2024,2026-09-20T23:17:25+00:00,True,completed,"Advanced metrics (xG, possession, PPDA, big_chances, set_piece_xg), referee, and attendance are not published by fixturedownload.com and are intentionally left blank rather than estimated."
2024-25,UNL2425_MD04_086_Greece_RepublicofIreland,2024-10-13,Greece,Republic of Ireland,Group B2,2,0,home_win,,,,,,,,,,,,,,,,,,Stadio Georgios Karaiskakis,,fixturedownload.com,https://fixturedownload.com/feed/json/nations-league-2024,2026-09-20T23:17:25+00:00,True,completed,"Advanced metrics (xG, possession, PPDA, big_chances, set_piece_xg), referee, and attendance are not published by fixturedownload.com and are intentionally left blank rather than estimated."
2024-25,UNL2425_MD04_087_Azerbaijan_Slovakia,2024-10-14,Azerbaijan,Slovakia,Group C1,1,3,away_win,,,,,,,,,,,,,,,,,,Tofiq Bahramov Republican Stadium,,fixturedownload.com,https://fixturedownload.com/feed/json/nations-league-2024,2026-09-20T23:17:25+00:00,True,completed,"Advanced metrics (xG, possession, PPDA, big_chances, set_piece_xg), referee, and attendance are not published by fixturedownload.com and are intentionally left blank rather than estimated."
2024-25,UNL2425_MD04_088_Georgia_Albania,2024-10-14,Georgia,Albania,Group B1,0,1,away_win,,,,,,,,,,,,,,,,,,Mikheil Meskhi Stadium,,fixturedownload.com,https://fixturedownload.com/feed/json/nations-league-2024,2026-09-20T23:17:25+00:00,True,completed,"Advanced metrics (xG, possession, PPDA, big_chances, set_piece_xg), referee, and attendance are not published by fixturedownload.com and are intentionally left blank rather than estimated."
2024-25,UNL2425_MD04_089_Ukraine_Czechia,2024-10-14,Ukraine,Czechia,Group B1,1,1,draw,,,,,,,,,,,,,,,,,,Stadion Miejski we Wroclawiu,,fixturedownload.com,https://fixturedownload.com/feed/json/nations-league-2024,2026-09-20T23:17:25+00:00,True,completed,"Advanced metrics (xG, possession, PPDA, big_chances, set_piece_xg), referee, and attendance are not published by fixturedownload.com and are intentionally left blank rather than estimated."
2024-25,UNL2425_MD04_090_Italy_Israel,2024-10-14,Italy,Israel,Group A2,4,1,home_win,,,,,,,,,,,,,,,,,,Stadio Friuli,,fixturedownload.com,https://fixturedownload.com/feed/json/nations-league-2024,2026-09-20T23:17:25+00:00,True,completed,"Advanced metrics (xG, possession, PPDA, big_chances, set_piece_xg), referee, and attendance are not published by fixturedownload.com and are intentionally left blank rather than estimated."
2024-25,UNL2425_MD04_091_Iceland_Türkiye,2024-10-14,Iceland,Türkiye,Group B4,2,4,away_win,,,,,,,,,,,,,,,,,,Laugardalsvöllur,,fixturedownload.com,https://fixturedownload.com/feed/json/nations-league-2024,2026-09-20T23:17:25+00:00,True,completed,"Advanced metrics (xG, possession, PPDA, big_chances, set_piece_xg), referee, and attendance are not published by fixturedownload.com and are intentionally left blank rather than estimated."
2024-25,UNL2425_MD04_092_Belgium_France,2024-10-14,Belgium,France,Group A2,1,2,away_win,,,,,,,,,,,,,,,,,,King Baudouin Stadium,,fixturedownload.com,https://fixturedownload.com/feed/json/nations-league-2024,2026-09-20T23:17:25+00:00,True,completed,"Advanced metrics (xG, possession, PPDA, big_chances, set_piece_xg), referee, and attendance are not published by fixturedownload.com and are intentionally left blank rather than estimated."
2024-25,UNL2425_MD04_093_Germany_Netherlands,2024-10-14,Germany,Netherlands,Group A3,1,0,home_win,,,,,,,,,,,,,,,,,,Fußball Arena München,,fixturedownload.com,https://fixturedownload.com/feed/json/nations-league-2024,2026-09-20T23:17:25+00:00,True,completed,"Advanced metrics (xG, possession, PPDA, big_chances, set_piece_xg), referee, and attendance are not published by fixturedownload.com and are intentionally left blank rather than estimated."
2024-25,UNL2425_MD04_094_Estonia_Sweden,2024-10-14,Estonia,Sweden,Group C1,0,3,away_win,,,,,,,,,,,,,,,,,,Lilleküla Stadium,,fixturedownload.com,https://fixturedownload.com/feed/json/nations-league-2024,2026-09-20T23:17:25+00:00,True,completed,"Advanced metrics (xG, possession, PPDA, big_chances, set_piece_xg), referee, and attendance are not published by fixturedownload.com and are intentionally left blank rather than estimated."
2024-25,UNL2425_MD04_095_Wales_Montenegro,2024-10-14,Wales,Montenegro,Group B4,1,0,home_win,,,,,,,,,,,,,,,,,,Cardiff City Stadium,,fixturedownload.com,https://fixturedownload.com/feed/json/nations-league-2024,2026-09-20T23:17:25+00:00,True,completed,"Advanced metrics (xG, possession, PPDA, big_chances, set_piece_xg), referee, and attendance are not published by fixturedownload.com and are intentionally left blank rather than estimated."
2024-25,UNL2425_MD04_096_BosniaandHerzegovina_Hungary,2024-10-14,Bosnia and Herzegovina,Hungary,Group A3,0,2,away_win,,,,,,,,,,,,,,,,,,Stadion Bilino Polje,,fixturedownload.com,https://fixturedownload.com/feed/json/nations-league-2024,2026-09-20T23:17:25+00:00,True,completed,"Advanced metrics (xG, possession, PPDA, big_chances, set_piece_xg), referee, and attendance are not published by fixturedownload.com and are intentionally left blank rather than estimated."
2024-25,UNL2425_MD04_097_Lithuania_Romania,2024-10-15,Lithuania,Romania,Group C2,1,2,away_win,,,,,,,,,,,,,,,,,,Darius & Girenas Stadium,,fixturedownload.com,https://fixturedownload.com/feed/json/nations-league-2024,2026-09-20T23:17:25+00:00,True,completed,"Advanced metrics (xG, possession, PPDA, big_chances, set_piece_xg), referee, and attendance are not published by fixturedownload.com and are intentionally left blank rather than estimated."
2024-25,UNL2425_MD04_098_NorthernIreland_Bulgaria,2024-10-15,Northern Ireland,Bulgaria,Group C3,5,0,home_win,,,,,,,,,,,,,,,,,,Windsor Park,,fixturedownload.com,https://fixturedownload.com/feed/json/nations-league-2024,2026-09-20T23:17:25+00:00,True,completed,"Advanced metrics (xG, possession, PPDA, big_chances, set_piece_xg), referee, and attendance are not published by fixturedownload.com and are intentionally left blank rather than estimated."
2024-25,UNL2425_MD04_099_Spain_Serbia,2024-10-15,Spain,Serbia,Group A4,3,0,home_win,,,,,,,,,,,,,,,,,,Nuevo Arcangel,,fixturedownload.com,https://fixturedownload.com/feed/json/nations-league-2024,2026-09-20T23:17:25+00:00,True,completed,"Advanced metrics (xG, possession, PPDA, big_chances, set_piece_xg), referee, and attendance are not published by fixturedownload.com and are intentionally left blank rather than estimated."
2024-25,UNL2425_MD04_100_Poland_Croatia,2024-10-15,Poland,Croatia,Group A1,3,3,draw,,,,,,,,,,,,,,,,,,Stadion Narodowy,,fixturedownload.com,https://fixturedownload.com/feed/json/nations-league-2024,2026-09-20T23:17:25+00:00,True,completed,"Advanced metrics (xG, possession, PPDA, big_chances, set_piece_xg), referee, and attendance are not published by fixturedownload.com and are intentionally left blank rather than estimated."
2024-25,UNL2425_MD04_101_Switzerland_Denmark,2024-10-15,Switzerland,Denmark,Group A4,2,2,draw,,,,,,,,,,,,,,,,,,Arena St. Gallen,,fixturedownload.com,https://fixturedownload.com/feed/json/nations-league-2024,2026-09-20T23:17:25+00:00,True,completed,"Advanced metrics (xG, possession, PPDA, big_chances, set_piece_xg), referee, and attendance are not published by fixturedownload.com and are intentionally left blank rather than estimated."
2024-25,UNL2425_MD04_102_Kosovo_Cyprus,2024-10-15,Kosovo,Cyprus,Group C2,3,0,home_win,,,,,,,,,,,,,,,,,,Stadiumi Fadil Vokrri,,fixturedownload.com,https://fixturedownload.com/feed/json/nations-league-2024,2026-09-20T23:17:25+00:00,True,completed,"Advanced metrics (xG, possession, PPDA, big_chances, set_piece_xg), referee, and attendance are not published by fixturedownload.com and are intentionally left blank rather than estimated."
2024-25,UNL2425_MD04_103_Belarus_Luxembourg,2024-10-15,Belarus,Luxembourg,Group C3,1,1,draw,,,,,,,,,,,,,,,,,,ZTE Aréna,,fixturedownload.com,https://fixturedownload.com/feed/json/nations-league-2024,2026-09-20T23:17:25+00:00,True,completed,"Advanced metrics (xG, possession, PPDA, big_chances, set_piece_xg), referee, and attendance are not published by fixturedownload.com and are intentionally left blank rather than estimated."
2024-25,UNL2425_MD04_104_Scotland_Portugal,2024-10-15,Scotland,Portugal,Group A1,0,0,draw,,,,,,,,,,,,,,,,,,Hampden Park,,fixturedownload.com,https://fixturedownload.com/feed/json/nations-league-2024,2026-09-20T23:17:25+00:00,True,completed,"Advanced metrics (xG, possession, PPDA, big_chances, set_piece_xg), referee, and attendance are not published by fixturedownload.com and are intentionally left blank rather than estimated."
2024-25,UNL2425_MD05_105_Kazakhstan_Austria,2024-11-14,Kazakhstan,Austria,Group B3,0,2,away_win,,,,,,,,,,,,,,,,,,Almaty Ortalyk Stadion,,fixturedownload.com,https://fixturedownload.com/feed/json/nations-league-2024,2026-09-20T23:17:25+00:00,True,completed,"Advanced metrics (xG, possession, PPDA, big_chances, set_piece_xg), referee, and attendance are not published by fixturedownload.com and are intentionally left blank rather than estimated."
2024-25,UNL2425_MD05_106_Armenia_FaroeIslands,2024-11-14,Armenia,Faroe Islands,Group C4,0,1,away_win,,,,,,,,,,,,,,,,,,Republican Stadium after Vazgen Sargsyan,,fixturedownload.com,https://fixturedownload.com/feed/json/nations-league-2024,2026-09-20T23:17:25+00:00,True,completed,"Advanced metrics (xG, possession, PPDA, big_chances, set_piece_xg), referee, and attendance are not published by fixturedownload.com and are intentionally left blank rather than estimated."
2024-25,UNL2425_MD05_107_France_Israel,2024-11-14,France,Israel,Group A2,0,0,draw,,,,,,,,,,,,,,,,,,Stade de France,,fixturedownload.com,https://fixturedownload.com/feed/json/nations-league-2024,2026-09-20T23:17:25+00:00,True,completed,"Advanced metrics (xG, possession, PPDA, big_chances, set_piece_xg), referee, and attendance are not published by fixturedownload.com and are intentionally left blank rather than estimated."
2024-25,UNL2425_MD05_108_Belgium_Italy,2024-11-14,Belgium,Italy,Group A2,0,1,away_win,,,,,,,,,,,,,,,,,,King Baudouin Stadium,,fixturedownload.com,https://fixturedownload.com/feed/json/nations-league-2024,2026-09-20T23:17:25+00:00,True,completed,"Advanced metrics (xG, possession, PPDA, big_chances, set_piece_xg), referee, and attendance are not published by fixturedownload.com and are intentionally left blank rather than estimated."
2024-25,UNL2425_MD05_109_RepublicofIreland_Finland,2024-11-14,Republic of Ireland,Finland,Group B2,1,0,home_win,,,,,,,,,,,,,,,,,,Dublin Arena,,fixturedownload.com,https://fixturedownload.com/feed/json/nations-league-2024,2026-09-20T23:17:25+00:00,True,completed,"Advanced metrics (xG, possession, PPDA, big_chances, set_piece_xg), referee, and attendance are not published by fixturedownload.com and are intentionally left blank rather than estimated."
2024-25,UNL2425_MD05_110_Greece_England,2024-11-14,Greece,England,Group B2,0,3,away_win,,,,,,,,,,,,,,,,,,Olympic Athletic Center of Athens,,fixturedownload.com,https://fixturedownload.com/feed/json/nations-league-2024,2026-09-20T23:17:25+00:00,True,completed,"Advanced metrics (xG, possession, PPDA, big_chances, set_piece_xg), referee, and attendance are not published by fixturedownload.com and are intentionally left blank rather than estimated."
2024-25,UNL2425_MD05_111_Slovenia_Norway,2024-11-14,Slovenia,Norway,Group B3,1,4,away_win,,,,,,,,,,,,,,,,,,Stadion Stožice,,fixturedownload.com,https://fixturedownload.com/feed/json/nations-league-2024,2026-09-20T23:17:25+00:00,True,completed,"Advanced metrics (xG, possession, PPDA, big_chances, set_piece_xg), referee, and attendance are not published by fixturedownload.com and are intentionally left blank rather than estimated."
2024-25,UNL2425_MD05_112_NorthMacedonia_Latvia,2024-11-14,North Macedonia,Latvia,Group C4,1,0,home_win,,,,,,,,,,,,,,,,,,National Arena Todor Proeski,,fixturedownload.com,https://fixturedownload.com/feed/json/nations-league-2024,2026-09-20T23:17:25+00:00,True,completed,"Advanced metrics (xG, possession, PPDA, big_chances, set_piece_xg), referee, and attendance are not published by fixturedownload.com and are intentionally left blank rather than estimated."
2024-25,UNL2425_MD05_113_Cyprus_Lithuania,2024-11-15,Cyprus,Lithuania,Group C2,2,1,home_win,,,,,,,,,,,,,,,,,,AEK Arena,,fixturedownload.com,https://fixturedownload.com/feed/json/nations-league-2024,2026-09-20T23:17:25+00:00,True,completed,"Advanced metrics (xG, possession, PPDA, big_chances, set_piece_xg), referee, and attendance are not published by fixturedownload.com and are intentionally left blank rather than estimated."
2024-25,UNL2425_MD05_114_SanMarino_Gibraltar,2024-11-15,San Marino,Gibraltar,Group D1,1,1,draw,,,,,,,,,,,,,,,,,,San Marino Stadium,,fixturedownload.com,https://fixturedownload.com/feed/json/nations-league-2024,2026-09-20T23:17:25+00:00,True,completed,"Advanced metrics (xG, possession, PPDA, big_chances, set_piece_xg), referee, and attendance are not published by fixturedownload.com and are intentionally left blank rather than estimated."
2024-25,UNL2425_MD05_115_Luxembourg_Bulgaria,2024-11-15,Luxembourg,Bulgaria,Group C3,0,1,away_win,,,,,,,,,,,,,,,,,,Stade de Luxembourg,,fixturedownload.com,https://fixturedownload.com/feed/json/nations-league-2024,2026-09-20T23:17:25+00:00,True,completed,"Advanced metrics (xG, possession, PPDA, big_chances, set_piece_xg), referee, and attendance are not published by fixturedownload.com and are intentionally left blank rather than estimated."
2024-25,UNL2425_MD05_117_Scotland_Croatia,2024-11-15,Scotland,Croatia,Group A1,1,0,home_win,,,,,,,,,,,,,,,,,,Hampden Park,,fixturedownload.com,https://fixturedownload.com/feed/json/nations-league-2024,2026-09-20T23:17:25+00:00,True,completed,"Advanced metrics (xG, possession, PPDA, big_chances, set_piece_xg), referee, and attendance are not published by fixturedownload.com and are intentionally left blank rather than estimated."
2024-25,UNL2425_MD05_118_Denmark_Spain,2024-11-15,Denmark,Spain,Group A4,1,2,away_win,,,,,,,,,,,,,,,,,,Parken,,fixturedownload.com,https://fixturedownload.com/feed/json/nations-league-2024,2026-09-20T23:17:25+00:00,True,completed,"Advanced metrics (xG, possession, PPDA, big_chances, set_piece_xg), referee, and attendance are not published by fixturedownload.com and are intentionally left blank rather than estimated."
2024-25,UNL2425_MD05_119_NorthernIreland_Belarus,2024-11-15,Northern Ireland,Belarus,Group C3,2,0,home_win,,,,,,,,,,,,,,,,,,Windsor Park,,fixturedownload.com,https://fixturedownload.com/feed/json/nations-league-2024,2026-09-20T23:17:25+00:00,True,completed,"Advanced metrics (xG, possession, PPDA, big_chances, set_piece_xg), referee, and attendance are not published by fixturedownload.com and are intentionally left blank rather than estimated."
2024-25,UNL2425_MD05_120_Portugal_Poland,2024-11-15,Portugal,Poland,Group A1,5,1,home_win,,,,,,,,,,,,,,,,,,Estádio do Dragão,,fixturedownload.com,https://fixturedownload.com/feed/json/nations-league-2024,2026-09-20T23:17:25+00:00,True,completed,"Advanced metrics (xG, possession, PPDA, big_chances, set_piece_xg), referee, and attendance are not published by fixturedownload.com and are intentionally left blank rather than estimated."
2024-25,UNL2425_MD05_121_Switzerland_Serbia,2024-11-15,Switzerland,Serbia,Group A4,1,1,draw,,,,,,,,,,,,,,,,,,Stadion Letzigrund,,fixturedownload.com,https://fixturedownload.com/feed/json/nations-league-2024,2026-09-20T23:17:25+00:00,True,completed,"Advanced metrics (xG, possession, PPDA, big_chances, set_piece_xg), referee, and attendance are not published by fixturedownload.com and are intentionally left blank rather than estimated."
2024-25,UNL2425_MD05_122_Azerbaijan_Estonia,2024-11-16,Azerbaijan,Estonia,Group C1,0,0,draw,,,,,,,,,,,,,,,,,,Gabala City Stadium,,fixturedownload.com,https://fixturedownload.com/feed/json/nations-league-2024,2026-09-20T23:17:25+00:00,True,completed,"Advanced metrics (xG, possession, PPDA, big_chances, set_piece_xg), referee, and attendance are not published by fixturedownload.com and are intentionally left blank rather than estimated."
2024-25,UNL2425_MD05_123_Andorra_Moldova,2024-11-16,Andorra,Moldova,Group D2,0,1,away_win,,,,,,,,,,,,,,,,,,Estadi Nacional,,fixturedownload.com,https://fixturedownload.com/feed/json/nations-league-2024,2026-09-20T23:17:25+00:00,True,completed,"Advanced metrics (xG, possession, PPDA, big_chances, set_piece_xg), referee, and attendance are not published by fixturedownload.com and are intentionally left blank rather than estimated."
2024-25,UNL2425_MD05_124_Montenegro_Iceland,2024-11-16,Montenegro,Iceland,Group B4,0,2,away_win,,,,,,,,,,,,,,,,,,City Stadium Nikšic,,fixturedownload.com,https://fixturedownload.com/feed/json/nations-league-2024,2026-09-20T23:17:25+00:00,True,completed,"Advanced metrics (xG, possession, PPDA, big_chances, set_piece_xg), referee, and attendance are not published by fixturedownload.com and are intentionally left blank rather than estimated."
2024-25,UNL2425_MD05_125_Georgia_Ukraine,2024-11-16,Georgia,Ukraine,Group B1,1,1,draw,,,,,,,,,,,,,,,,,,Batumi Stadium,,fixturedownload.com,https://fixturedownload.com/feed/json/nations-league-2024,2026-09-20T23:17:25+00:00,True,completed,"Advanced metrics (xG, possession, PPDA, big_chances, set_piece_xg), referee, and attendance are not published by fixturedownload.com and are intentionally left blank rather than estimated."
2024-25,UNL2425_MD05_126_Türkiye_Wales,2024-11-16,Türkiye,Wales,Group B4,0,0,draw,,,,,,,,,,,,,,,,,,Kayseri Büyüksehir Belediye Kadir Has,,fixturedownload.com,https://fixturedownload.com/feed/json/nations-league-2024,2026-09-20T23:17:25+00:00,True,completed,"Advanced metrics (xG, possession, PPDA, big_chances, set_piece_xg), referee, and attendance are not published by fixturedownload.com and are intentionally left blank rather than estimated."
2024-25,UNL2425_MD05_127_Germany_BosniaandHerzegovina,2024-11-16,Germany,Bosnia and Herzegovina,Group A3,7,0,home_win,,,,,,,,,,,,,,,,,,Stadion am Wolfswinkel,,fixturedownload.com,https://fixturedownload.com/feed/json/nations-league-2024,2026-09-20T23:17:25+00:00,True,completed,"Advanced metrics (xG, possession, PPDA, big_chances, set_piece_xg), referee, and attendance are not published by fixturedownload.com and are intentionally left blank rather than estimated."
2024-25,UNL2425_MD05_128_Albania_Czechia,2024-11-16,Albania,Czechia,Group B1,0,0,draw,,,,,,,,,,,,,,,,,,Arena Kombëtare,,fixturedownload.com,https://fixturedownload.com/feed/json/nations-league-2024,2026-09-20T23:17:25+00:00,True,completed,"Advanced metrics (xG, possession, PPDA, big_chances, set_piece_xg), referee, and attendance are not published by fixturedownload.com and are intentionally left blank rather than estimated."
2024-25,UNL2425_MD05_129_Netherlands_Hungary,2024-11-16,Netherlands,Hungary,Group A3,4,0,home_win,,,,,,,,,,,,,,,,,,Johan Cruijff ArenA,,fixturedownload.com,https://fixturedownload.com/feed/json/nations-league-2024,2026-09-20T23:17:25+00:00,True,completed,"Advanced metrics (xG, possession, PPDA, big_chances, set_piece_xg), referee, and attendance are not published by fixturedownload.com and are intentionally left blank rather than estimated."
2024-25,UNL2425_MD05_130_Sweden_Slovakia,2024-11-16,Sweden,Slovakia,Group C1,2,1,home_win,,,,,,,,,,,,,,,,,,Strawberry Arena,,fixturedownload.com,https://fixturedownload.com/feed/json/nations-league-2024,2026-09-20T23:17:25+00:00,True,completed,"Advanced metrics (xG, possession, PPDA, big_chances, set_piece_xg), referee, and attendance are not published by fixturedownload.com and are intentionally left blank rather than estimated."
2024-25,UNL2425_MD06_131_NorthMacedonia_FaroeIslands,2024-11-17,North Macedonia,Faroe Islands,Group C4,1,0,home_win,,,,,,,,,,,,,,,,,,National Arena Todor Proeski,,fixturedownload.com,https://fixturedownload.com/feed/json/nations-league-2024,2026-09-20T23:17:25+00:00,True,completed,"Advanced metrics (xG, possession, PPDA, big_chances, set_piece_xg), referee, and attendance are not published by fixturedownload.com and are intentionally left blank rather than estimated."
2024-25,UNL2425_MD06_132_Latvia_Armenia,2024-11-17,Latvia,Armenia,Group C4,1,2,away_win,,,,,,,,,,,,,,,,,,Skonto Stadions,,fixturedownload.com,https://fixturedownload.com/feed/json/nations-league-2024,2026-09-20T23:17:25+00:00,True,completed,"Advanced metrics (xG, possession, PPDA, big_chances, set_piece_xg), referee, and attendance are not published by fixturedownload.com and are intentionally left blank rather than estimated."
2024-25,UNL2425_MD06_133_Norway_Kazakhstan,2024-11-17,Norway,Kazakhstan,Group B3,5,0,home_win,,,,,,,,,,,,,,,,,,Ullevaal Stadion,,fixturedownload.com,https://fixturedownload.com/feed/json/nations-league-2024,2026-09-20T23:17:25+00:00,True,completed,"Advanced metrics (xG, possession, PPDA, big_chances, set_piece_xg), referee, and attendance are not published by fixturedownload.com and are intentionally left blank rather than estimated."
2024-25,UNL2425_MD06_134_Finland_Greece,2024-11-17,Finland,Greece,Group B2,0,2,away_win,,,,,,,,,,,,,,,,,,Helsinki Olympic Stadium,,fixturedownload.com,https://fixturedownload.com/feed/json/nations-league-2024,2026-09-20T23:17:25+00:00,True,completed,"Advanced metrics (xG, possession, PPDA, big_chances, set_piece_xg), referee, and attendance are not published by fixturedownload.com and are intentionally left blank rather than estimated."
2024-25,UNL2425_MD06_135_Austria_Slovenia,2024-11-17,Austria,Slovenia,Group B3,1,1,draw,,,,,,,,,,,,,,,,,,Ernst-Happel-Stadion,,fixturedownload.com,https://fixturedownload.com/feed/json/nations-league-2024,2026-09-20T23:17:25+00:00,True,completed,"Advanced metrics (xG, possession, PPDA, big_chances, set_piece_xg), referee, and attendance are not published by fixturedownload.com and are intentionally left blank rather than estimated."
2024-25,UNL2425_MD06_136_England_RepublicofIreland,2024-11-17,England,Republic of Ireland,Group B2,5,0,home_win,,,,,,,,,,,,,,,,,,Wembley Stadium,,fixturedownload.com,https://fixturedownload.com/feed/json/nations-league-2024,2026-09-20T23:17:25+00:00,True,completed,"Advanced metrics (xG, possession, PPDA, big_chances, set_piece_xg), referee, and attendance are not published by fixturedownload.com and are intentionally left blank rather than estimated."
2024-25,UNL2425_MD06_137_Israel_Belgium,2024-11-17,Israel,Belgium,Group A2,1,0,home_win,,,,,,,,,,,,,,,,,,Bozsik Aréna,,fixturedownload.com,https://fixturedownload.com/feed/json/nations-league-2024,2026-09-20T23:17:25+00:00,True,completed,"Advanced metrics (xG, possession, PPDA, big_chances, set_piece_xg), referee, and attendance are not published by fixturedownload.com and are intentionally left blank rather than estimated."
2024-25,UNL2425_MD06_138_Italy_France,2024-11-17,Italy,France,Group A2,1,3,away_win,,,,,,,,,,,,,,,,,,Stadio San Siro,,fixturedownload.com,https://fixturedownload.com/feed/json/nations-league-2024,2026-09-20T23:17:25+00:00,True,completed,"Advanced metrics (xG, possession, PPDA, big_chances, set_piece_xg), referee, and attendance are not published by fixturedownload.com and are intentionally left blank rather than estimated."
2024-25,UNL2425_MD06_139_Croatia_Portugal,2024-11-18,Croatia,Portugal,Group A1,1,1,draw,,,,,,,,,,,,,,,,,,Stadion Poljud,,fixturedownload.com,https://fixturedownload.com/feed/json/nations-league-2024,2026-09-20T23:17:25+00:00,True,completed,"Advanced metrics (xG, possession, PPDA, big_chances, set_piece_xg), referee, and attendance are not published by fixturedownload.com and are intentionally left blank rather than estimated."
2024-25,UNL2425_MD06_140_Spain_Switzerland,2024-11-18,Spain,Switzerland,Group A4,3,2,home_win,,,,,,,,,,,,,,,,,,Heliodoro Rodríguez López,,fixturedownload.com,https://fixturedownload.com/feed/json/nations-league-2024,2026-09-20T23:17:25+00:00,True,completed,"Advanced metrics (xG, possession, PPDA, big_chances, set_piece_xg), referee, and attendance are not published by fixturedownload.com and are intentionally left blank rather than estimated."
2024-25,UNL2425_MD06_141_Poland_Scotland,2024-11-18,Poland,Scotland,Group A1,1,2,away_win,,,,,,,,,,,,,,,,,,Stadion Narodowy,,fixturedownload.com,https://fixturedownload.com/feed/json/nations-league-2024,2026-09-20T23:17:25+00:00,True,completed,"Advanced metrics (xG, possession, PPDA, big_chances, set_piece_xg), referee, and attendance are not published by fixturedownload.com and are intentionally left blank rather than estimated."
2024-25,UNL2425_MD06_142_Liechtenstein_SanMarino,2024-11-18,Liechtenstein,San Marino,Group D1,1,3,away_win,,,,,,,,,,,,,,,,,,Rheinpark Stadion,,fixturedownload.com,https://fixturedownload.com/feed/json/nations-league-2024,2026-09-20T23:17:25+00:00,True,completed,"Advanced metrics (xG, possession, PPDA, big_chances, set_piece_xg), referee, and attendance are not published by fixturedownload.com and are intentionally left blank rather than estimated."
2024-25,UNL2425_MD06_143_Kosovo_Lithuania,2024-11-18,Kosovo,Lithuania,Group C2,1,0,home_win,,,,,,,,,,,,,,,,,,Stadiumi Fadil Vokrri,,fixturedownload.com,https://fixturedownload.com/feed/json/nations-league-2024,2026-09-20T23:17:25+00:00,True,completed,"Advanced metrics (xG, possession, PPDA, big_chances, set_piece_xg), referee, and attendance are not published by fixturedownload.com and are intentionally left blank rather than estimated."
2024-25,UNL2425_MD06_144_Luxembourg_NorthernIreland,2024-11-18,Luxembourg,Northern Ireland,Group C3,2,2,draw,,,,,,,,,,,,,,,,,,Stade de Luxembourg,,fixturedownload.com,https://fixturedownload.com/feed/json/nations-league-2024,2026-09-20T23:17:25+00:00,True,completed,"Advanced metrics (xG, possession, PPDA, big_chances, set_piece_xg), referee, and attendance are not published by fixturedownload.com and are intentionally left blank rather than estimated."
2024-25,UNL2425_MD06_145_Serbia_Denmark,2024-11-18,Serbia,Denmark,Group A4,0,0,draw,,,,,,,,,,,,,,,,,,Gradski Stadion Podgorica,,fixturedownload.com,https://fixturedownload.com/feed/json/nations-league-2024,2026-09-20T23:17:25+00:00,True,completed,"Advanced metrics (xG, possession, PPDA, big_chances, set_piece_xg), referee, and attendance are not published by fixturedownload.com and are intentionally left blank rather than estimated."
2024-25,UNL2425_MD06_146_Romania_Cyprus,2024-11-18,Romania,Cyprus,Group C2,4,1,home_win,,,,,,,,,,,,,,,,,,National Arena,,fixturedownload.com,https://fixturedownload.com/feed/json/nations-league-2024,2026-09-20T23:17:25+00:00,True,completed,"Advanced metrics (xG, possession, PPDA, big_chances, set_piece_xg), referee, and attendance are not published by fixturedownload.com and are intentionally left blank rather than estimated."
2024-25,UNL2425_MD06_147_Bulgaria_Belarus,2024-11-18,Bulgaria,Belarus,Group C3,1,1,draw,,,,,,,,,,,,,,,,,,Natsionalen Stadion Vasil Levski,,fixturedownload.com,https://fixturedownload.com/feed/json/nations-league-2024,2026-09-20T23:17:25+00:00,True,completed,"Advanced metrics (xG, possession, PPDA, big_chances, set_piece_xg), referee, and attendance are not published by fixturedownload.com and are intentionally left blank rather than estimated."
2024-25,UNL2425_MD06_148_BosniaandHerzegovina_Netherlands,2024-11-19,Bosnia and Herzegovina,Netherlands,Group A3,1,1,draw,,,,,,,,,,,,,,,,,,Stadion Bilino Polje,,fixturedownload.com,https://fixturedownload.com/feed/json/nations-league-2024,2026-09-20T23:17:25+00:00,True,completed,"Advanced metrics (xG, possession, PPDA, big_chances, set_piece_xg), referee, and attendance are not published by fixturedownload.com and are intentionally left blank rather than estimated."
2024-25,UNL2425_MD06_149_Czechia_Georgia,2024-11-19,Czechia,Georgia,Group B1,2,1,home_win,,,,,,,,,,,,,,,,,,Andruv stadion,,fixturedownload.com,https://fixturedownload.com/feed/json/nations-league-2024,2026-09-20T23:17:25+00:00,True,completed,"Advanced metrics (xG, possession, PPDA, big_chances, set_piece_xg), referee, and attendance are not published by fixturedownload.com and are intentionally left blank rather than estimated."
2024-25,UNL2425_MD06_150_Slovakia_Estonia,2024-11-19,Slovakia,Estonia,Group C1,1,0,home_win,,,,,,,,,,,,,,,,,,Štadión Antona Malatinského,,fixturedownload.com,https://fixturedownload.com/feed/json/nations-league-2024,2026-09-20T23:17:25+00:00,True,completed,"Advanced metrics (xG, possession, PPDA, big_chances, set_piece_xg), referee, and attendance are not published by fixturedownload.com and are intentionally left blank rather than estimated."
2024-25,UNL2425_MD06_151_Malta_Andorra,2024-11-19,Malta,Andorra,Group D2,0,0,draw,,,,,,,,,,,,,,,,,,National Stadium,,fixturedownload.com,https://fixturedownload.com/feed/json/nations-league-2024,2026-09-20T23:17:25+00:00,True,completed,"Advanced metrics (xG, possession, PPDA, big_chances, set_piece_xg), referee, and attendance are not published by fixturedownload.com and are intentionally left blank rather than estimated."
2024-25,UNL2425_MD06_152_Montenegro_Türkiye,2024-11-19,Montenegro,Türkiye,Group B4,3,1,home_win,,,,,,,,,,,,,,,,,,City Stadium Nikšic,,fixturedownload.com,https://fixturedownload.com/feed/json/nations-league-2024,2026-09-20T23:17:25+00:00,True,completed,"Advanced metrics (xG, possession, PPDA, big_chances, set_piece_xg), referee, and attendance are not published by fixturedownload.com and are intentionally left blank rather than estimated."
2024-25,UNL2425_MD06_153_Hungary_Germany,2024-11-19,Hungary,Germany,Group A3,1,1,draw,,,,,,,,,,,,,,,,,,Puskás Aréna,,fixturedownload.com,https://fixturedownload.com/feed/json/nations-league-2024,2026-09-20T23:17:25+00:00,True,completed,"Advanced metrics (xG, possession, PPDA, big_chances, set_piece_xg), referee, and attendance are not published by fixturedownload.com and are intentionally left blank rather than estimated."
2024-25,UNL2425_MD06_154_Albania_Ukraine,2024-11-19,Albania,Ukraine,Group B1,1,2,away_win,,,,,,,,,,,,,,,,,,Arena Kombëtare,,fixturedownload.com,https://fixturedownload.com/feed/json/nations-league-2024,2026-09-20T23:17:25+00:00,True,completed,"Advanced metrics (xG, possession, PPDA, big_chances, set_piece_xg), referee, and attendance are not published by fixturedownload.com and are intentionally left blank rather than estimated."
2024-25,UNL2425_MD06_155_Wales_Iceland,2024-11-19,Wales,Iceland,Group B4,4,1,home_win,,,,,,,,,,,,,,,,,,Cardiff City Stadium,,fixturedownload.com,https://fixturedownload.com/feed/json/nations-league-2024,2026-09-20T23:17:25+00:00,True,completed,"Advanced metrics (xG, possession, PPDA, big_chances, set_piece_xg), referee, and attendance are not published by fixturedownload.com and are intentionally left blank rather than estimated."
2024-25,UNL2425_MD06_156_Sweden_Azerbaijan,2024-11-19,Sweden,Azerbaijan,Group C1,6,0,home_win,,,,,,,,,,,,,,,,,,Strawberry Arena,,fixturedownload.com,https://fixturedownload.com/feed/json/nations-league-2024,2026-09-20T23:17:25+00:00,True,completed,"Advanced metrics (xG, possession, PPDA, big_chances, set_piece_xg), referee, and attendance are not published by fixturedownload.com and are intentionally left blank rather than estimated."
2024-25,UNL2425_MD07_157_Netherlands_Spain,2025-03-20,Netherlands,Spain,,2,2,draw,,,,,,,,,,,,,,,,,,Stadion Feijenoord 'De Kuip',,fixturedownload.com,https://fixturedownload.com/feed/json/nations-league-2024,2026-09-20T23:17:25+00:00,True,completed,"Advanced metrics (xG, possession, PPDA, big_chances, set_piece_xg), referee, and attendance are not published by fixturedownload.com and are intentionally left blank rather than estimated."
2024-25,UNL2425_MD07_158_Croatia_France,2025-03-20,Croatia,France,,2,0,home_win,,,,,,,,,,,,,,,,,,Stadion Poljud,,fixturedownload.com,https://fixturedownload.com/feed/json/nations-league-2024,2026-09-20T23:17:25+00:00,True,completed,"Advanced metrics (xG, possession, PPDA, big_chances, set_piece_xg), referee, and attendance are not published by fixturedownload.com and are intentionally left blank rather than estimated."
2024-25,UNL2425_MD07_159_Denmark_Portugal,2025-03-20,Denmark,Portugal,,1,0,home_win,,,,,,,,,,,,,,,,,,Parken,,fixturedownload.com,https://fixturedownload.com/feed/json/nations-league-2024,2026-09-20T23:17:25+00:00,True,completed,"Advanced metrics (xG, possession, PPDA, big_chances, set_piece_xg), referee, and attendance are not published by fixturedownload.com and are intentionally left blank rather than estimated."
2024-25,UNL2425_MD07_160_Italy_Germany,2025-03-20,Italy,Germany,,1,2,away_win,,,,,,,,,,,,,,,,,,Stadio San Siro,,fixturedownload.com,https://fixturedownload.com/feed/json/nations-league-2024,2026-09-20T23:17:25+00:00,True,completed,"Advanced metrics (xG, possession, PPDA, big_chances, set_piece_xg), referee, and attendance are not published by fixturedownload.com and are intentionally left blank rather than estimated."
2024-25,UNL2425_MD08_161_Spain_Netherlands,2025-03-23,Spain,Netherlands,,3,3,draw,,,,,,,,,,,,,,,,,,Camp de Mestalla,,fixturedownload.com,https://fixturedownload.com/feed/json/nations-league-2024,2026-09-20T23:17:25+00:00,True,completed,"Advanced metrics (xG, possession, PPDA, big_chances, set_piece_xg), referee, and attendance are not published by fixturedownload.com and are intentionally left blank rather than estimated."
2024-25,UNL2425_MD08_162_France_Croatia,2025-03-23,France,Croatia,,2,0,home_win,,,,,,,,,,,,,,,,,,Stade de France,,fixturedownload.com,https://fixturedownload.com/feed/json/nations-league-2024,2026-09-20T23:17:25+00:00,True,completed,"Advanced metrics (xG, possession, PPDA, big_chances, set_piece_xg), referee, and attendance are not published by fixturedownload.com and are intentionally left blank rather than estimated."
2024-25,UNL2425_MD08_163_Portugal_Denmark,2025-03-23,Portugal,Denmark,,5,2,home_win,,,,,,,,,,,,,,,,,,Estádio José Alvalade,,fixturedownload.com,https://fixturedownload.com/feed/json/nations-league-2024,2026-09-20T23:17:25+00:00,True,completed,"Advanced metrics (xG, possession, PPDA, big_chances, set_piece_xg), referee, and attendance are not published by fixturedownload.com and are intentionally left blank rather than estimated."
2024-25,UNL2425_MD08_164_Germany_Italy,2025-03-23,Germany,Italy,,3,3,draw,,,,,,,,,,,,,,,,,,BVB Stadion Dortmund,,fixturedownload.com,https://fixturedownload.com/feed/json/nations-league-2024,2026-09-20T23:17:25+00:00,True,completed,"Advanced metrics (xG, possession, PPDA, big_chances, set_piece_xg), referee, and attendance are not published by fixturedownload.com and are intentionally left blank rather than estimated."
2024-25,UNL2425_MD09_165_Germany_Portugal,2025-06-04,Germany,Portugal,,1,2,away_win,,,,,,,,,,,,,,,,,,Fußball Arena München,,fixturedownload.com,https://fixturedownload.com/feed/json/nations-league-2024,2026-09-20T23:17:25+00:00,True,completed,"Advanced metrics (xG, possession, PPDA, big_chances, set_piece_xg), referee, and attendance are not published by fixturedownload.com and are intentionally left blank rather than estimated."
2024-25,UNL2425_MD09_166_Spain_France,2025-06-05,Spain,France,,5,4,home_win,,,,,,,,,,,,,,,,,,Arena Stuttgart,,fixturedownload.com,https://fixturedownload.com/feed/json/nations-league-2024,2026-09-20T23:17:25+00:00,True,completed,"Advanced metrics (xG, possession, PPDA, big_chances, set_piece_xg), referee, and attendance are not published by fixturedownload.com and are intentionally left blank rather than estimated."
2024-25,UNL2425_MD10_167_Germany_France,2025-06-08,Germany,France,,0,2,away_win,,,,,,,,,,,,,,,,,,Arena Stuttgart,,fixturedownload.com,https://fixturedownload.com/feed/json/nations-league-2024,2026-09-20T23:17:25+00:00,True,completed,"Advanced metrics (xG, possession, PPDA, big_chances, set_piece_xg), referee, and attendance are not published by fixturedownload.com and are intentionally left blank rather than estimated."
2024-25,UNL2425_MD10_168_Portugal_Spain,2025-06-08,Portugal,Spain,,2,2,draw,,,,,,,,,,,,,,,,,,Fußball Arena München,,fixturedownload.com,https://fixturedownload.com/feed/json/nations-league-2024,2026-09-20T23:17:25+00:00,True,completed,"Advanced metrics (xG, possession, PPDA, big_chances, set_piece_xg), referee, and attendance are not published by fixturedownload.com and are intentionally left blank rather than estimated."
